Protocollo;Gruppo;DataOraIncidente;Localizzazione1;STRADA1;Localizzazione2;STRADA2;Strada02;Chilometrica;DaSpecificare;NaturaIncidente;particolaritastrade;TipoStrada;FondoStradale;Pavimentazione;Segnaletica;CondizioneAtmosferica;Traffico;Visibilita;Illuminazione;NUM_FERITI;NUM_RISERVATA;NUM_MORTI;NUM_ILLESI;Longitudine;Latitudine;Confermato;Progressivo;TipoVeicolo;StatoVeicolo;TipoPersona;Sesso;Tipolesione;Deceduto;DecedutoDopo;CinturaCascoUtilizzato;Airbag;
4163770;4;04/01/2019 10:00:00;Strada Urbana;VIA DI CASAL BOCCONE;all'intersezione con;VIALE AVE NINCHI;VIALE AVE NINCHI;;;Scontro laterale fra veicoli in marcia;Rotatoria;Una carreggiata a senso unico di marcia;Asciutto;Asfaltata;Verticale ed orizzontale;Sereno;Scarso;Buona;Ore Diurne;0;0;0;2;12.5642;41.9518;-1;2;Autocarro inferiore 35 q.;In marcia / fermata / arresto;Conducente;M;Illeso;0;;;
4163788;4;04/01/2019 13:50:00;Strada Urbana;VIA MONTASIO;all'intersezione con;VIA ISOLA BELLA;VIA ISOLA BELLA;;;Scontro frontale/laterale SX fra veicoli in marcia;Intersezione non regolata/non segnalata;Una carreggiata a doppio senso;Asciutto;Asfaltata;Verticale;Sereno;Normale;Buona;Ore Diurne;1;0;0;1;12.5387;41.9382;-1;1;Autovettura privata;In marcia / fermata / arresto;Conducente;F;Illeso;0;;Non accertato;Inesploso
4163788;4;04/01/2019 13:50:00;Strada Urbana;VIA MONTASIO;all'intersezione con;VIA ISOLA BELLA;VIA ISOLA BELLA;;;Scontro frontale/laterale SX fra veicoli in marcia;Intersezione non regolata/non segnalata;Una carreggiata a doppio senso;Asciutto;Asfaltata;Verticale;Sereno;Normale;Buona;Ore Diurne;1;0;0;1;12.5387;41.9382;-1;2;Motociclo a solo;In marcia / fermata / arresto;Conducente;F;Rimandato;0;NON DECEDUTO;Non accertato;
4163808;17;04/01/2019 10:05:00;Strada Urbana;VIA LEONE IV;all'intersezione semaforizzata con;VIALE VATICANO;VIALE VATICANO;;;Investimento di pedone;Intersezione semaforizzata;Una carreggiata a doppio senso;Asciutto;Asfaltata;Verticale ed orizzontale;Sereno;Normale;Buona;Ore Diurne;1;0;0;2;12.4556;41.9075;-1;;;;Pedone;M;Rimandato;0;NON DECEDUTO;;
4163808;17;04/01/2019 10:05:00;Strada Urbana;VIA LEONE IV;all'intersezione semaforizzata con;VIALE VATICANO;VIALE VATICANO;;;Investimento di pedone;Intersezione semaforizzata;Una carreggiata a doppio senso;Asciutto;Asfaltata;Verticale ed orizzontale;Sereno;Normale;Buona;Ore Diurne;1;0;0;2;12.4556;41.9075;-1;1;Autovettura di polizia;In marcia / fermata / arresto;Conducente;M;Illeso;0;;;
4163808;17;04/01/2019 10:05:00;Strada Urbana;VIA LEONE IV;all'intersezione semaforizzata con;VIALE VATICANO;VIALE VATICANO;;;Investimento di pedone;Intersezione semaforizzata;Una carreggiata a doppio senso;Asciutto;Asfaltata;Verticale ed orizzontale;Sereno;Normale;Buona;Ore Diurne;1;0;0;2;12.4556;41.9075;-1;1;Autovettura di polizia;In marcia / fermata / arresto;Passeggero;M;Illeso;0;;;
4163828;19;04/01/2019 11:00:00;Strada Urbana;VIA DELLA BALDUINA;in prossimità;;del civico n.;129;;Veicolo in marcia contro veicolo in sosta;Rettilineo;Una carreggiata a doppio senso;Asciutto;Asfaltata;Assente;Sereno;Normale;Buona;Ore Diurne;0;0;0;1;12.44;41.9207;-1;1;Autocarro inferiore 35 q.;Sosta;;;;;;;
4163828;19;04/01/2019 11:00:00;Strada Urbana;VIA DELLA BALDUINA;in prossimità;;del civico n.;129;;Veicolo in marcia contro veicolo in sosta;Rettilineo;Una carreggiata a doppio senso;Asciutto;Asfaltata;Assente;Sereno;Normale;Buona;Ore Diurne;0;0;0;1;12.44;41.9207;-1;2;Autovettura privata;In marcia / fermata / arresto;Conducente;M;Illeso;0;;Non accertato;Inesploso
4163838;19;04/01/2019 10:00:00;Strada Urbana;GALLERIA GIOVANNI XXIII;in prossimità;;del civico n.;KM 0,300;;Veicolo in marcia contro veicolo in sosta;Curva a visuale libera;Una carreggiata a senso unico di marcia;Asciutto;Asfaltata;Verticale ed orizzontale;Sereno;Normale;Buona;Sufficiente;1;0;0;0;12.4411;41.9404;-1;1;Quadriciclo;Sosta;;;;;;;
4163838;19;04/01/2019 10:00:00;Strada Urbana;GALLERIA GIOVANNI XXIII;in prossimità;;del civico n.;KM 0,300;;Veicolo in marcia contro veicolo in sosta;Curva a visuale libera;Una carreggiata a senso unico di marcia;Asciutto;Asfaltata;Verticale ed orizzontale;Sereno;Normale;Buona;Sufficiente;1;0;0;0;12.4411;41.9404;-1;2;Autovettura privata;In marcia / fermata / arresto;Conducente;M;Rifiuta cure immediate;0;NON DECEDUTO;Non accertato;Inesploso
4163841;4;04/01/2019 09:55:00;Strada Urbana;VIA NOMENTANA;da specificare;;;;in prossimità di Via Zanardini;Tamponamento Multiplo;Rettilineo;Una carreggiata a doppio senso;Asciutto;Asfaltata;Verticale ed orizzontale;Sereno;Normale;Buona;Ore Diurne;0;0;0;4;12.545;41.9379;-1;1;Autovettura privata;In marcia / fermata / arresto;Conducente;F;Illeso;0;;;
4163841;4;04/01/2019 09:55:00;Strada Urbana;VIA NOMENTANA;da specificare;;;;in prossimità di Via Zanardini;Tamponamento Multiplo;Rettilineo;Una carreggiata a doppio senso;Asciutto;Asfaltata;Verticale ed orizzontale;Sereno;Normale;Buona;Ore Diurne;0;0;0;4;12.545;41.9379;-1;1;Autovettura privata;In marcia / fermata / arresto;Passeggero;F;Illeso;0;;;
4163841;4;04/01/2019 09:55:00;Strada Urbana;VIA NOMENTANA;da specificare;;;;in prossimità di Via Zanardini;Tamponamento Multiplo;Rettilineo;Una carreggiata a doppio senso;Asciutto;Asfaltata;Verticale ed orizzontale;Sereno;Normale;Buona;Ore Diurne;0;0;0;4;12.545;41.9379;-1;2;Autovettura privata;In marcia / fermata / arresto;Conducente;M;Illeso;0;;;
4163841;4;04/01/2019 09:55:00;Strada Urbana;VIA NOMENTANA;da specificare;;;;in prossimità di Via Zanardini;Tamponamento Multiplo;Rettilineo;Una carreggiata a doppio senso;Asciutto;Asfaltata;Verticale ed orizzontale;Sereno;Normale;Buona;Ore Diurne;0;0;0;4;12.545;41.9379;-1;3;Autovettura privata;In marcia / fermata / arresto;Conducente;F;Illeso;0;;;
4163850;19;04/01/2019 15:15:00;Strada Urbana;VIA DELLA PINETA SACCHETTI;in prossimità;;del civico n.;436;;Tamponamento;Rettilineo;Due carreggiate;Asciutto;Asfaltata;Verticale ed orizzontale;Sereno;Normale;Buona;Ore Diurne;0;0;0;2;12.4256;41.9251;-1;1;Autovettura privata;In marcia / fermata / arresto;Conducente;M;Illeso;0;;Non accertato;Inesploso
4163850;19;04/01/2019 15:15:00;Strada Urbana;VIA DELLA PINETA SACCHETTI;in prossimità;;del civico n.;436;;Tamponamento;Rettilineo;Due carreggiate;Asciutto;Asfaltata;Verticale ed orizzontale;Sereno;Normale;Buona;Ore Diurne;0;0;0;2;12.4256;41.9251;-1;2;Motociclo a solo;In marcia / fermata / arresto;Conducente;M;Illeso;0;;Non accertato;
4163859;19;04/01/2019 12:00:00;Strada Urbana;VIA MATTIA BATTISTINI;in corrispondenza;;del civico n.;504;;Scontro frontale fra veicoli in marcia;Rettilineo;Una carreggiata a doppio senso;Asciutto;Asfaltata;Verticale ed orizzontale;Sereno;Normale;Buona;Ore Diurne;0;0;0;3;12.4195;41.9202;-1;1;Autovettura privata;In marcia / fermata / arresto;Conducente;F;Illeso;0;;Non accertato;Inesploso
4163859;19;04/01/2019 12:00:00;Strada Urbana;VIA MATTIA BATTISTINI;in corrispondenza;;del civico n.;504;;Scontro frontale fra veicoli in marcia;Rettilineo;Una carreggiata a doppio senso;Asciutto;Asfaltata;Verticale ed orizzontale;Sereno;Normale;Buona;Ore Diurne;0;0;0;3;12.4195;41.9202;-1;1;Autovettura privata;In marcia / fermata / arresto;Passeggero;M;Illeso;0;;;
4163859;19;04/01/2019 12:00:00;Strada Urbana;VIA MATTIA BATTISTINI;in corrispondenza;;del civico n.;504;;Scontro frontale fra veicoli in marcia;Rettilineo;Una carreggiata a doppio senso;Asciutto;Asfaltata;Verticale ed orizzontale;Sereno;Normale;Buona;Ore Diurne;0;0;0;3;12.4195;41.9202;-1;2;Autovettura privata;In marcia / fermata / arresto;Conducente;M;Illeso;0;;Non accertato;Inesploso
4163864;19;04/01/2019 12:00:00;Strada Urbana;VIA SENECA;in corrispondenza;;del civico n.;80;;Scontro frontale/laterale SX fra veicoli in marcia;Rettilineo;Una carreggiata a doppio senso;Asciutto;Asfaltata;Orizzontale;Sereno;Normale;Buona;Ore Diurne;0;0;0;3;12.4423;41.9204;-1;1;Autovettura privata;In marcia / fermata / arresto;Conducente;M;Illeso;0;;Non accertato;Inesploso
4163864;19;04/01/2019 12:00:00;Strada Urbana;VIA SENECA;in corrispondenza;;del civico n.;80;;Scontro frontale/laterale SX fra veicoli in marcia;Rettilineo;Una carreggiata a doppio senso;Asciutto;Asfaltata;Orizzontale;Sereno;Normale;Buona;Ore Diurne;0;0;0;3;12.4423;41.9204;-1;1;Autovettura privata;In marcia / fermata / arresto;Passeggero;F;Illeso;0;;Non accertato;Inesploso
4163864;19;04/01/2019 12:00:00;Strada Urbana;VIA SENECA;in corrispondenza;;del civico n.;80;;Scontro frontale/laterale SX fra veicoli in marcia;Rettilineo;Una carreggiata a doppio senso;Asciutto;Asfaltata;Orizzontale;Sereno;Normale;Buona;Ore Diurne;0;0;0;3;12.4423;41.9204;-1;2;Motociclo a solo;In marcia / fermata / arresto;Conducente;F;Illeso;0;;Non accertato;
4163877;4;04/01/2019 17:40:00;Strada Urbana;VIA NOMENTANA NUOVA;all'intersezione con;VIA VAL D'OSSOLA;VIA VAL D'OSSOLA;;;Scontro frontale/laterale SX fra veicoli in marcia;Intersezione non regolata/non segnalata;Due carreggiate;Asciutto;Asfaltata;Verticale ed orizzontale;Sereno;Normale;Buona;Sufficiente;0;0;0;2;12.5305;41.9344;-1;1;Autovettura pubblica;In marcia / fermata / arresto;Conducente;M;Illeso;0;;;
4163877;4;04/01/2019 17:40:00;Strada Urbana;VIA NOMENTANA NUOVA;all'intersezione con;VIA VAL D'OSSOLA;VIA VAL D'OSSOLA;;;Scontro frontale/laterale SX fra veicoli in marcia;Intersezione non regolata/non segnalata;Due carreggiate;Asciutto;Asfaltata;Verticale ed orizzontale;Sereno;Normale;Buona;Sufficiente;0;0;0;2;12.5305;41.9344;-1;2;Autovettura privata;In marcia / fermata / arresto;Conducente;M;Illeso;0;;;
4163889;19;04/01/2019 17:40:00;Strada Urbana;VIA CASOREZZO;da specificare;;;;ponte pinarolo;Scontro frontale/laterale DX fra veicoli in marcia;Rettilineo;Una carreggiata a doppio senso;Asciutto;Asfaltata;Orizzontale;Sereno;Normale;Buona;Sufficiente;0;0;0;2;12.3829;41.9519;-1;1;Autovettura privata;In marcia / fermata / arresto;Conducente;F;Illeso;0;;Non accertato;Inesploso
4163889;19;04/01/2019 17:40:00;Strada Urbana;VIA CASOREZZO;da specificare;;;;ponte pinarolo;Scontro frontale/laterale DX fra veicoli in marcia;Rettilineo;Una carreggiata a doppio senso;Asciutto;Asfaltata;Orizzontale;Sereno;Normale;Buona;Sufficiente;0;0;0;2;12.3829;41.9519;-1;2;Autovettura privata;In marcia / fermata / arresto;Conducente;F;Illeso;0;;Non accertato;Inesploso
4164015;17;04/01/2019 13:11:00;Strada Urbana;VIA OSLAVIA;da specificare;;;;ALTEZZA VIA MONTELLO;Scontro frontale/laterale DX fra veicoli in marcia;Rettilineo;Due carreggiate;Asciutto;Asfaltata;Verticale ed orizzontale;Sereno;Scarso;Buona;Ore Diurne;1;0;0;1;12.4622;41.9183;-1;1;Autovettura privata;In marcia / fermata / arresto;Conducente;F;Illeso;0;;;
4164015;17;04/01/2019 13:11:00;Strada Urbana;VIA OSLAVIA;da specificare;;;;ALTEZZA VIA MONTELLO;Scontro frontale/laterale DX fra veicoli in marcia;Rettilineo;Due carreggiate;Asciutto;Asfaltata;Verticale ed orizzontale;Sereno;Scarso;Buona;Ore Diurne;1;0;0;1;12.4622;41.9183;-1;2;Motociclo a solo;In marcia / fermata / arresto;Conducente;M;Rimandato;0;NON DECEDUTO;;
4164096;6;05/01/2019 12:00:00;Strada Urbana;VIA ROMOLO TRINCHIERI;in prossimità;;del civico n.;30;;Veicolo in marcia contro ostacolo accidentale;Rettilineo;Una carreggiata a doppio senso;Asciutto;Asfaltata;Orizzontale;Sereno;Scarso;Buona;Ore Diurne;0;0;0;1;12.5605;41.8865;-1;1;Autovettura privata;In marcia / fermata / arresto;Conducente;M;Illeso;0;;Non accertato;Inesploso
4164126;13;04/01/2019 07:00:00;Strada Urbana;VIA DI PONTE LADRONE;in prossimità;;del civico n.;2;;Veicolo in marcia contro ostacolo fisso;Rettilineo;Una carreggiata a doppio senso;Asciutto;Con buche;Assente;Sereno;Normale;Buona;Ore Diurne;0;0;0;1;12.3761;41.7884;-1;1;Autovettura privata;In marcia / fermata / arresto;Conducente;F;Illeso;0;;Non accertato;Inesploso
4164130;13;04/01/2019 12:35:00;Strada Urbana;VIA SALORNO;in prossimità;;del civico n.;135;;Veicolo in marcia contro ostacolo fisso;Rettilineo;Una carreggiata a doppio senso;Asciutto;Asfaltata;Verticale;Sereno;Normale;Buona;Ore Diurne;0;0;0;1;12.3696;41.7278;-1;1;Autovettura privata;In marcia / fermata / arresto;Conducente;M;Illeso;0;;Non accertato;Inesploso
4164132;13;04/01/2019 13:30:00;Strada Urbana;VIA ISOLE DEL CAPO VERDE;all'intersezione semaforizzata con;VIA DELLE BALENIERE;VIA DELLE BALENIERE;;;Tamponamento;Intersezione semaforizzata;Due carreggiate;Asciutto;Asfaltata;Verticale ed orizzontale;Sereno;Normale;Buona;Ore Diurne;0;0;0;2;12.2749;41.7381;-1;1;Autovettura privata;In marcia / fermata / arresto;Conducente;F;Illeso;0;;Non accertato;Inesploso
4164132;13;04/01/2019 13:30:00;Strada Urbana;VIA ISOLE DEL CAPO VERDE;all'intersezione semaforizzata con;VIA DELLE BALENIERE;VIA DELLE BALENIERE;;;Tamponamento;Intersezione semaforizzata;Due carreggiate;Asciutto;Asfaltata;Verticale ed orizzontale;Sereno;Normale;Buona;Ore Diurne;0;0;0;2;12.2749;41.7381;-1;2;Autovettura privata;In marcia / fermata / arresto;Conducente;M;Illeso;0;;Non accertato;Inesploso
4164133;13;04/01/2019 17:20:00;Strada Urbana;VIALE ALESSANDRO MAGNO;all'intersezione con;VIA DI CASAL PALOCCO;VIA DI CASAL PALOCCO;;;Scontro frontale/laterale SX fra veicoli in marcia;Incrocio;Due carreggiate;Asciutto;Asfaltata;Verticale ed orizzontale;Sereno;Normale;Buona;Sufficiente;0;0;0;2;12.3488;41.7457;-1;1;Autovettura privata;In marcia / fermata / arresto;Conducente;F;Illeso;0;;Non accertato;Inesploso
4164133;13;04/01/2019 17:20:00;Strada Urbana;VIALE ALESSANDRO MAGNO;all'intersezione con;VIA DI CASAL PALOCCO;VIA DI CASAL PALOCCO;;;Scontro frontale/laterale SX fra veicoli in marcia;Incrocio;Due carreggiate;Asciutto;Asfaltata;Verticale ed orizzontale;Sereno;Normale;Buona;Sufficiente;0;0;0;2;12.3488;41.7457;-1;2;Autovettura privata;In marcia / fermata / arresto;Conducente;F;Illeso;0;;Non accertato;Inesploso
4164134;13;04/01/2019 16:20:00;Strada Urbana;VIA DEI VELIERI;all'intersezione con;VIA DEI TRAGHETTI;VIA DEI TRAGHETTI;;;Scontro frontale/laterale SX fra veicoli in marcia;Incrocio;Due carreggiate;Asciutto;Asfaltata;Verticale ed orizzontale;Sereno;Normale;Sufficiente;Ore Diurne;0;0;0;3;12.2757;41.7365;-1;1;Autovettura privata;In marcia / fermata / arresto;Conducente;M;Illeso;0;;Non accertato;Inesploso
4164134;13;04/01/2019 16:20:00;Strada Urbana;VIA DEI VELIERI;all'intersezione con;VIA DEI TRAGHETTI;VIA DEI TRAGHETTI;;;Scontro frontale/laterale SX fra veicoli in marcia;Incrocio;Due carreggiate;Asciutto;Asfaltata;Verticale ed orizzontale;Sereno;Normale;Sufficiente;Ore Diurne;0;0;0;3;12.2757;41.7365;-1;1;Autovettura privata;In marcia / fermata / arresto;Passeggero;F;Illeso;0;;Non accertato;Inesploso
4164134;13;04/01/2019 16:20:00;Strada Urbana;VIA DEI VELIERI;all'intersezione con;VIA DEI TRAGHETTI;VIA DEI TRAGHETTI;;;Scontro frontale/laterale SX fra veicoli in marcia;Incrocio;Due carreggiate;Asciutto;Asfaltata;Verticale ed orizzontale;Sereno;Normale;Sufficiente;Ore Diurne;0;0;0;3;12.2757;41.7365;-1;2;Autovettura privata;In marcia / fermata / arresto;Conducente;M;Illeso;0;;Non accertato;Inesploso
4164136;20;05/01/2019 05:47:00;Strada Urbana;VIA DEI GIUOCHI ISTMICI;in corrispondenza;;del civico n.;23;;Veicolo in marcia contro veicoli in sosta;Rettilineo;Una carreggiata a senso unico di marcia;Asciutto;Asfaltata;Temporanea di cantiere;Sereno;Scarso;Sufficiente;Sufficiente;0;0;0;0;12.4624;41.9439;-1;1;Autovettura privata;Allontanatosi;;;;;;;
4164136;20;05/01/2019 05:47:00;Strada Urbana;VIA DEI GIUOCHI ISTMICI;in corrispondenza;;del civico n.;23;;Veicolo in marcia contro veicoli in sosta;Rettilineo;Una carreggiata a senso unico di marcia;Asciutto;Asfaltata;Temporanea di cantiere;Sereno;Scarso;Sufficiente;Sufficiente;0;0;0;0;12.4624;41.9439;-1;2;Autovettura privata;Sosta;;;;;;;
4164136;20;05/01/2019 05:47:00;Strada Urbana;VIA DEI GIUOCHI ISTMICI;in corrispondenza;;del civico n.;23;;Veicolo in marcia contro veicoli in sosta;Rettilineo;Una carreggiata a senso unico di marcia;Asciutto;Asfaltata;Temporanea di cantiere;Sereno;Scarso;Sufficiente;Sufficiente;0;0;0;0;12.4624;41.9439;-1;3;Autovettura privata;Sosta;;;;;;;
4164236;6;04/01/2019 22:50:00;Strada Urbana;VIA TUSCOLANA;da specificare;;;;ALTEZZA VIA PATRICA;Scontro laterale fra veicoli in marcia;Rettilineo;Una carreggiata a senso unico di marcia;Asciutto;Asfaltata;Orizzontale;Sereno;Normale;Buona;Sufficiente;0;0;0;3;12.5414;41.8668;-1;1;Autovettura privata;In marcia / fermata / arresto;Conducente;M;Illeso;0;;Non accertato;Inesploso
4164236;6;04/01/2019 22:50:00;Strada Urbana;VIA TUSCOLANA;da specificare;;;;ALTEZZA VIA PATRICA;Scontro laterale fra veicoli in marcia;Rettilineo;Una carreggiata a senso unico di marcia;Asciutto;Asfaltata;Orizzontale;Sereno;Normale;Buona;Sufficiente;0;0;0;3;12.5414;41.8668;-1;1;Autovettura privata;In marcia / fermata / arresto;Passeggero;F;Illeso;0;;Non accertato;Inesploso
4164236;6;04/01/2019 22:50:00;Strada Urbana;VIA TUSCOLANA;da specificare;;;;ALTEZZA VIA PATRICA;Scontro laterale fra veicoli in marcia;Rettilineo;Una carreggiata a senso unico di marcia;Asciutto;Asfaltata;Orizzontale;Sereno;Normale;Buona;Sufficiente;0;0;0;3;12.5414;41.8668;-1;2;Autocarro inferiore 35 q.;In marcia / fermata / arresto;Conducente;M;Illeso;0;;Non accertato;
4164258;13;05/01/2019 02:00:00;Strada Urbana;VIA DEL MARE;in prossimità;;della chilometrica;23.8;;Veicolo in marcia contro ostacolo accidentale;Rettilineo;Una carreggiata a doppio senso;Asciutto;Asfaltata;Verticale ed orizzontale;Sereno;Scarso;Buona;Sufficiente;0;0;0;2;12.4632;41.8403;-1;1;Autovettura privata;In marcia / fermata / arresto;Conducente;F;Illeso;0;;Non accertato;Inesploso
4164258;13;05/01/2019 02:00:00;Strada Urbana;VIA DEL MARE;in prossimità;;della chilometrica;23.8;;Veicolo in marcia contro ostacolo accidentale;Rettilineo;Una carreggiata a doppio senso;Asciutto;Asfaltata;Verticale ed orizzontale;Sereno;Scarso;Buona;Sufficiente;0;0;0;2;12.4632;41.8403;-1;1;Autovettura privata;In marcia / fermata / arresto;Passeggero;F;Illeso;0;;Non accertato;Inesploso
4164260;13;05/01/2019 11:10:00;Strada Urbana;VIA DEL FOSSO DI DRAGONCELLO;all'intersezione con;VIA DI SAPONARA;VIA DI SAPONARA;;;Scontro frontale/laterale SX fra veicoli in marcia;Incrocio;Una carreggiata a doppio senso;Asciutto;Asfaltata;Verticale;Sereno;Normale;Buona;Ore Diurne;0;0;0;2;12.3299;41.7577;-1;1;Autovettura privata;In marcia / fermata / arresto;Conducente;M;Illeso;0;;Non accertato;Inesploso
4164260;13;05/01/2019 11:10:00;Strada Urbana;VIA DEL FOSSO DI DRAGONCELLO;all'intersezione con;VIA DI SAPONARA;VIA DI SAPONARA;;;Scontro frontale/laterale SX fra veicoli in marcia;Incrocio;Una carreggiata a doppio senso;Asciutto;Asfaltata;Verticale;Sereno;Normale;Buona;Ore Diurne;0;0;0;2;12.3299;41.7577;-1;2;Autocarro inferiore 35 q.;In marcia / fermata / arresto;Conducente;M;Illeso;0;;Non accertato;Inesploso
4164262;13;05/01/2019 12:00:00;Strada Urbana;VIA DELLA SALVIA;all'intersezione con;VIA DELLE CASE BASSE;VIA DELLE CASE BASSE;;;Scontro frontale/laterale SX fra veicoli in marcia;Rotatoria;Una carreggiata a senso unico di marcia;Bagnato (pioggia);Asfaltata;Verticale;Sereno;Normale;Buona;Ore Diurne;0;0;0;2;12.3645;41.7864;-1;1;Autovettura privata;In marcia / fermata / arresto;Conducente;M;Illeso;0;;Non accertato;Inesploso
4164262;13;05/01/2019 12:00:00;Strada Urbana;VIA DELLA SALVIA;all'intersezione con;VIA DELLE CASE BASSE;VIA DELLE CASE BASSE;;;Scontro frontale/laterale SX fra veicoli in marcia;Rotatoria;Una carreggiata a senso unico di marcia;Bagnato (pioggia);Asfaltata;Verticale;Sereno;Normale;Buona;Ore Diurne;0;0;0;2;12.3645;41.7864;-1;2;Autovettura privata;In marcia / fermata / arresto;Conducente;F;Illeso;0;;Non accertato;Inesploso
4164363;6;05/01/2019 18:10:00;Provinciale entro l'abitato;VIA PRENESTINA;all'intersezione con;VIA SORRENTO;VIA SORRENTO;;;Veicolo in marcia contro veicolo arresto;Incrocio;Più di due carreggiate;Asciutto;Asfaltata;Orizzontale;Sereno;Normale;Buona;Sufficiente;0;0;0;2;12.5425;41.8927;-1;1;Autovettura privata;In marcia / fermata / arresto;Conducente;M;Illeso;0;;Non accertato;Inesploso
4164363;6;05/01/2019 18:10:00;Provinciale entro l'abitato;VIA PRENESTINA;all'intersezione con;VIA SORRENTO;VIA SORRENTO;;;Veicolo in marcia contro veicolo arresto;Incrocio;Più di due carreggiate;Asciutto;Asfaltata;Orizzontale;Sereno;Normale;Buona;Sufficiente;0;0;0;2;12.5425;41.8927;-1;2;Autovettura privata;In marcia / fermata / arresto;Conducente;M;Illeso;0;;Non accertato;Inesploso
4164405;1;04/01/2019 13:00:00;Strada Urbana;LUNGOTEVERE DEI VALLATI;all'intersezione semaforizzata con;PONTE SISTO;PONTE SISTO;;;Tamponamento Multiplo;Intersezione semaforizzata;Una carreggiata a senso unico di marcia;Asciutto;Asfaltata;Verticale ed orizzontale;Sereno;Normale;Buona;Ore Diurne;1;0;0;5;12.4727;41.8919;-1;1;Autovettura privata;In marcia / fermata / arresto;Conducente;M;Illeso;0;;Non accertato;Inesploso
4164405;1;04/01/2019 13:00:00;Strada Urbana;LUNGOTEVERE DEI VALLATI;all'intersezione semaforizzata con;PONTE SISTO;PONTE SISTO;;;Tamponamento Multiplo;Intersezione semaforizzata;Una carreggiata a senso unico di marcia;Asciutto;Asfaltata;Verticale ed orizzontale;Sereno;Normale;Buona;Ore Diurne;1;0;0;5;12.4727;41.8919;-1;2;Autovettura privata;In marcia / fermata / arresto;Conducente;M;Rimandato;0;NON DECEDUTO;Non accertato;Inesploso
4164405;1;04/01/2019 13:00:00;Strada Urbana;LUNGOTEVERE DEI VALLATI;all'intersezione semaforizzata con;PONTE SISTO;PONTE SISTO;;;Tamponamento Multiplo;Intersezione semaforizzata;Una carreggiata a senso unico di marcia;Asciutto;Asfaltata;Verticale ed orizzontale;Sereno;Normale;Buona;Ore Diurne;1;0;0;5;12.4727;41.8919;-1;3;Autovettura pubblica;In marcia / fermata / arresto;Conducente;M;Illeso;0;;Non accertato;Inesploso
4164405;1;04/01/2019 13:00:00;Strada Urbana;LUNGOTEVERE DEI VALLATI;all'intersezione semaforizzata con;PONTE SISTO;PONTE SISTO;;;Tamponamento Multiplo;Intersezione semaforizzata;Una carreggiata a senso unico di marcia;Asciutto;Asfaltata;Verticale ed orizzontale;Sereno;Normale;Buona;Ore Diurne;1;0;0;5;12.4727;41.8919;-1;4;Autovettura privata;In marcia / fermata / arresto;Conducente;M;Illeso;0;;Non accertato;Inesploso
4164405;1;04/01/2019 13:00:00;Strada Urbana;LUNGOTEVERE DEI VALLATI;all'intersezione semaforizzata con;PONTE SISTO;PONTE SISTO;;;Tamponamento Multiplo;Intersezione semaforizzata;Una carreggiata a senso unico di marcia;Asciutto;Asfaltata;Verticale ed orizzontale;Sereno;Normale;Buona;Ore Diurne;1;0;0;5;12.4727;41.8919;-1;4;Autovettura privata;In marcia / fermata / arresto;Passeggero;F;Illeso;0;;Non accertato;Inesploso
4164405;1;04/01/2019 13:00:00;Strada Urbana;LUNGOTEVERE DEI VALLATI;all'intersezione semaforizzata con;PONTE SISTO;PONTE SISTO;;;Tamponamento Multiplo;Intersezione semaforizzata;Una carreggiata a senso unico di marcia;Asciutto;Asfaltata;Verticale ed orizzontale;Sereno;Normale;Buona;Ore Diurne;1;0;0;5;12.4727;41.8919;-1;4;Autovettura privata;In marcia / fermata / arresto;Passeggero;M;Illeso;0;;Non accertato;Inesploso
4164419;12;05/01/2019 18:00:00;Strada Urbana;VIA ILDEBRANDO VIVANTI;all'intersezione con;VIA GIUSEPPE PEREGO;VIA GIUSEPPE PEREGO;;;Investimento di pedone;Incrocio;Una carreggiata a doppio senso;Asciutto;Asfaltata;Verticale ed orizzontale;Sereno;Scarso;Buona;Ore Diurne;1;0;0;1;12.4417;41.8044;-1;;;;Pedone;F;Rimandato;0;NON DECEDUTO;;
4164419;12;05/01/2019 18:00:00;Strada Urbana;VIA ILDEBRANDO VIVANTI;all'intersezione con;VIA GIUSEPPE PEREGO;VIA GIUSEPPE PEREGO;;;Investimento di pedone;Incrocio;Una carreggiata a doppio senso;Asciutto;Asfaltata;Verticale ed orizzontale;Sereno;Scarso;Buona;Ore Diurne;1;0;0;1;12.4417;41.8044;-1;1;Autovettura privata;In marcia / fermata / arresto;Conducente;F;Illeso;0;;Utilizzato;Inesploso
4164430;12;05/01/2019 15:00:00;Strada Urbana;PIAZZA GUGLIELMO MARCONI;all'intersezione con;VIA CRISTOFORO COLOMBO;VIA CRISTOFORO COLOMBO;;;Scontro laterale fra veicoli in marcia;Rotatoria;Più di due carreggiate;Asciutto;Asfaltata;Verticale ed orizzontale;Sereno;Normale;Buona;Ore Diurne;0;0;0;7;12.4711;41.8335;-1;1;Autovettura privata;In marcia / fermata / arresto;Conducente;M;Illeso;0;;Utilizzato;Inesploso
4164430;12;05/01/2019 15:00:00;Strada Urbana;PIAZZA GUGLIELMO MARCONI;all'intersezione con;VIA CRISTOFORO COLOMBO;VIA CRISTOFORO COLOMBO;;;Scontro laterale fra veicoli in marcia;Rotatoria;Più di due carreggiate;Asciutto;Asfaltata;Verticale ed orizzontale;Sereno;Normale;Buona;Ore Diurne;0;0;0;7;12.4711;41.8335;-1;1;Autovettura privata;In marcia / fermata / arresto;Passeggero;F;Illeso;0;;Utilizzato;Inesploso