Protocollo;Gruppo;DataOraIncidente;Localizzazione1;STRADA1;Localizzazione2;STRADA2;Strada02;Chilometrica;DaSpecificare;NaturaIncidente;particolaritastrade;TipoStrada;FondoStradale;Pavimentazione;Segnaletica;CondizioneAtmosferica;Traffico;Visibilita;Illuminazione;NUM_FERITI;NUM_RISERVATA;NUM_MORTI;NUM_ILLESI;Longitudine;Latitudine;Confermato;Progressivo;TipoVeicolo;StatoVeicolo;TipoPersona;Sesso;Tipolesione;Deceduto;DecedutoDopo;CinturaCascoUtilizzato;Airbag;
4166166;7;04/01/2019 20:00:00;Strada Urbana;VIA DI TOR TRE TESTE;in prossimità;;del civico n.;232;;Scontro frontale/laterale SX fra veicoli in marcia;Rettilineo;Una carreggiata a doppio senso;Asciutto;Asfaltata;Orizzontale;Sereno;Normale;Sufficiente;Sufficiente;3;0;0;2;12.5911;41.8924;-1;2;Autovettura privata;In marcia / fermata / arresto;Passeggero;M;Rimandato;0;NON DECEDUTO;Non accertato;Inesploso
4166171;4;06/01/2019 01:00:00;Strada Urbana;VIA MONTE PETROSO;in corrispondenza;;del civico n.;20;;Veicolo in marcia contro veicolo in sosta;Curva a visuale libera;Una carreggiata a doppio senso;Asciutto;Asfaltata;Assente;Sereno;Scarso;Buona;Sufficiente;0;0;0;0;12.5298;41.9503;-1;1;Autovettura privata;Sosta;;;;;;;
4166175;18;05/01/2019 12:00:00;Strada Urbana;VIA GUIDO CALCAGNINI;da specificare;;;;in prossimità del fronte civico 35G;Scontro frontale fra veicoli in marcia;Rettilineo;Una carreggiata a doppio senso;Asciutto;Asfaltata;Assente;Sereno;Scarso;Buona;Ore Diurne;1;0;0;2;12.4083;41.9183;-1;1;Autovettura privata;In marcia / fermata / arresto;Conducente;M;Illeso;0;;;
4166175;18;05/01/2019 12:00:00;Strada Urbana;VIA GUIDO CALCAGNINI;da specificare;;;;in prossimità del fronte civico 35G;Scontro frontale fra veicoli in marcia;Rettilineo;Una carreggiata a doppio senso;Asciutto;Asfaltata;Assente;Sereno;Scarso;Buona;Ore Diurne;1;0;0;2;12.4083;41.9183;-1;1;Autovettura privata;In marcia / fermata / arresto;Passeggero;F;Illeso;0;;;
4166175;18;05/01/2019 12:00:00;Strada Urbana;VIA GUIDO CALCAGNINI;da specificare;;;;in prossimità del fronte civico 35G;Scontro frontale fra veicoli in marcia;Rettilineo;Una carreggiata a doppio senso;Asciutto;Asfaltata;Assente;Sereno;Scarso;Buona;Ore Diurne;1;0;0;2;12.4083;41.9183;-1;2;Motociclo a solo;In marcia / fermata / arresto;Conducente;M;Ricoverato;0;NON DECEDUTO;;
4166175;18;05/01/2019 12:00:00;Strada Urbana;VIA GUIDO CALCAGNINI;da specificare;;;;in prossimità del fronte civico 35G;Scontro frontale fra veicoli in marcia;Rettilineo;Una carreggiata a doppio senso;Asciutto;Asfaltata;Assente;Sereno;Scarso;Buona;Ore Diurne;1;0;0;2;12.4083;41.9183;-1;3;Autovettura privata;Sosta;;;;;;;
4166180;4;06/01/2019 04:00:00;Provinciale;VIA NOMENTANA;in corrispondenza;;della chilometrica;14.4;;Scontro frontale fra veicoli in marcia;Rettilineo;Una carreggiata a doppio senso;Asciutto;Asfaltata;Orizzontale;Sereno;Scarso;Buona;Sufficiente;2;0;0;0;12.5728;41.9579;-1;1;Autovettura privata;In marcia / fermata / arresto;Conducente;M;Rimandato;0;NON DECEDUTO;Non accertato;Esploso
4166180;4;06/01/2019 04:00:00;Provinciale;VIA NOMENTANA;in corrispondenza;;della chilometrica;14.4;;Scontro frontale fra veicoli in marcia;Rettilineo;Una carreggiata a doppio senso;Asciutto;Asfaltata;Orizzontale;Sereno;Scarso;Buona;Sufficiente;2;0;0;0;12.5728;41.9579;-1;2;Autovettura privata;In marcia / fermata / arresto;Conducente;M;Rimandato;0;NON DECEDUTO;;Esploso
4166181;1;06/01/2019 01:00:00;Strada Urbana;VIA COLA DI RIENZO;all'intersezione con;VIA ALESSANDRO FARNESE;VIA ALESSANDRO FARNESE;;;Scontro frontale/laterale DX fra veicoli in marcia;Incrocio;Una carreggiata a doppio senso;Asciutto;Asfaltata;Verticale ed orizzontale;Sereno;Scarso;Buona;Sufficiente;0;0;0;2;12.4652;41.908;-1;1;Autovettura privata;In marcia / fermata / arresto;Conducente;M;Illeso;0;;Non accertato;Inesploso
4166181;1;06/01/2019 01:00:00;Strada Urbana;VIA COLA DI RIENZO;all'intersezione con;VIA ALESSANDRO FARNESE;VIA ALESSANDRO FARNESE;;;Scontro frontale/laterale DX fra veicoli in marcia;Incrocio;Una carreggiata a doppio senso;Asciutto;Asfaltata;Verticale ed orizzontale;Sereno;Scarso;Buona;Sufficiente;0;0;0;2;12.4652;41.908;-1;2;Autovettura privata;In marcia / fermata / arresto;Conducente;M;Illeso;0;;Non accertato;Inesploso
4166222;4;06/01/2019 09:15:00;Strada Urbana;VIALE JONIO;in prossimità;;del civico n.;44;;Veicolo in marcia contro ostacolo accidentale;Rettilineo;Due carreggiate;Asciutto;Asfaltata;Verticale ed orizzontale;Sereno;Normale;Buona;Ore Diurne;0;0;0;1;12.5433;41.9442;-1;1;Autovettura privata;In marcia / fermata / arresto;Conducente;M;Illeso;0;;Non accertato;
4166270;4;06/01/2019 16:55:00;Provinciale entro l'abitato;VIA NOMENTANA;all'intersezione semaforizzata con;VIA ARTURO GRAF;VIA ARTURO GRAF;;;Scontro frontale/laterale DX fra veicoli in marcia;Intersezione semaforizzata;Una carreggiata a doppio senso;Asciutto;Asfaltata;Verticale ed orizzontale;Sereno;Normale;Buona;Sufficiente;2;0;0;0;12.5728;41.9579;-1;1;Autovettura privata;In marcia / fermata / arresto;Conducente;F;Rimandato;0;NON DECEDUTO;;
4166270;4;06/01/2019 16:55:00;Provinciale entro l'abitato;VIA NOMENTANA;all'intersezione semaforizzata con;VIA ARTURO GRAF;VIA ARTURO GRAF;;;Scontro frontale/laterale DX fra veicoli in marcia;Intersezione semaforizzata;Una carreggiata a doppio senso;Asciutto;Asfaltata;Verticale ed orizzontale;Sereno;Normale;Buona;Sufficiente;2;0;0;0;12.5728;41.9579;-1;2;Autovettura privata;In marcia / fermata / arresto;Conducente;F;Rimandato;0;NON DECEDUTO;;
4166272;3;07/01/2019 04:55:00;Strada Urbana;CORSO D'ITALIA;da specificare;;;;fronte civico 35;Investimento di pedone;Rettilineo;Una carreggiata a senso unico di marcia;Asciutto;Asfaltata;Verticale ed orizzontale;Sereno;Scarso;Insufficiente;Insufficiente;0;0;1;0;12.4943;41.9112;0;;;;Pedone;M;Deceduto sul posto;-1;;;
4166272;3;07/01/2019 04:55:00;Strada Urbana;CORSO D'ITALIA;da specificare;;;;fronte civico 35;Investimento di pedone;Rettilineo;Una carreggiata a senso unico di marcia;Asciutto;Asfaltata;Verticale ed orizzontale;Sereno;Scarso;Insufficiente;Insufficiente;0;0;1;0;12.4943;41.9112;0;1;Autovettura privata;In marcia / fermata / arresto;;;;;;;
4166319;4;06/01/2019 19:50:00;Strada Urbana;VIA CARLO LORENZINI;da specificare;;;;PROSS. V. I. DEL LUNGO;Scontro laterale fra veicoli in marcia;Rettilineo;Una carreggiata a doppio senso;Asciutto;Asfaltata;Assente;Sereno;Scarso;Buona;Sufficiente;0;0;0;3;12.5553;41.9451;-1;1;Autovettura privata;In marcia / fermata / arresto;Conducente;M;Illeso;0;;Non accertato;Inesploso
4166319;4;06/01/2019 19:50:00;Strada Urbana;VIA CARLO LORENZINI;da specificare;;;;PROSS. V. I. DEL LUNGO;Scontro laterale fra veicoli in marcia;Rettilineo;Una carreggiata a doppio senso;Asciutto;Asfaltata;Assente;Sereno;Scarso;Buona;Sufficiente;0;0;0;3;12.5553;41.9451;-1;2;Autovettura privata;In marcia / fermata / arresto;Conducente;F;Illeso;0;;Non accertato;Inesploso
4166319;4;06/01/2019 19:50:00;Strada Urbana;VIA CARLO LORENZINI;da specificare;;;;PROSS. V. I. DEL LUNGO;Scontro laterale fra veicoli in marcia;Rettilineo;Una carreggiata a doppio senso;Asciutto;Asfaltata;Assente;Sereno;Scarso;Buona;Sufficiente;0;0;0;3;12.5553;41.9451;-1;2;Autovettura privata;In marcia / fermata / arresto;Passeggero;M;Illeso;0;;;
4166324;18;06/01/2019 01:15:00;Strada Urbana;VIA DI BOCCEA;in prossimità;;del civico n.;472;;Tamponamento;Rettilineo;Due carreggiate;Asciutto;Asfaltata;Verticale ed orizzontale;Sereno;Scarso;Buona;Sufficiente;0;0;0;4;12.4013;41.9099;-1;1;Autovettura privata;In marcia / fermata / arresto;Conducente;M;Illeso;0;;;
4166324;18;06/01/2019 01:15:00;Strada Urbana;VIA DI BOCCEA;in prossimità;;del civico n.;472;;Tamponamento;Rettilineo;Due carreggiate;Asciutto;Asfaltata;Verticale ed orizzontale;Sereno;Scarso;Buona;Sufficiente;0;0;0;4;12.4013;41.9099;-1;1;Autovettura privata;In marcia / fermata / arresto;Passeggero;F;Illeso;0;;;
4166324;18;06/01/2019 01:15:00;Strada Urbana;VIA DI BOCCEA;in prossimità;;del civico n.;472;;Tamponamento;Rettilineo;Due carreggiate;Asciutto;Asfaltata;Verticale ed orizzontale;Sereno;Scarso;Buona;Sufficiente;0;0;0;4;12.4013;41.9099;-1;2;Autovettura privata;In marcia / fermata / arresto;Conducente;M;Illeso;0;;;
4166324;18;06/01/2019 01:15:00;Strada Urbana;VIA DI BOCCEA;in prossimità;;del civico n.;472;;Tamponamento;Rettilineo;Due carreggiate;Asciutto;Asfaltata;Verticale ed orizzontale;Sereno;Scarso;Buona;Sufficiente;0;0;0;4;12.4013;41.9099;-1;2;Autovettura privata;In marcia / fermata / arresto;Passeggero;F;Illeso;0;;;
4166393;6;07/01/2019 13:00:00;Statale;VIA CASILINA;all'intersezione con;VIA DI VILLA SERVENTI;VIA DI VILLA SERVENTI;;;Tamponamento;Incrocio;Più di due carreggiate;Asciutto;Asfaltata;Verticale ed orizzontale;Sereno;Normale;Buona;Ore Diurne;1;0;0;4;12.5302;41.8847;-1;1;Motociclo a solo;In marcia / fermata / arresto;Conducente;M;Rimandato;0;NON DECEDUTO;Utilizzato;
4166393;6;07/01/2019 13:00:00;Statale;VIA CASILINA;all'intersezione con;VIA DI VILLA SERVENTI;VIA DI VILLA SERVENTI;;;Tamponamento;Incrocio;Più di due carreggiate;Asciutto;Asfaltata;Verticale ed orizzontale;Sereno;Normale;Buona;Ore Diurne;1;0;0;4;12.5302;41.8847;-1;2;Autovettura privata;In marcia / fermata / arresto;Conducente;M;Illeso;0;;Non accertato;Inesploso
4166393;6;07/01/2019 13:00:00;Statale;VIA CASILINA;all'intersezione con;VIA DI VILLA SERVENTI;VIA DI VILLA SERVENTI;;;Tamponamento;Incrocio;Più di due carreggiate;Asciutto;Asfaltata;Verticale ed orizzontale;Sereno;Normale;Buona;Ore Diurne;1;0;0;4;12.5302;41.8847;-1;2;Autovettura privata;In marcia / fermata / arresto;Passeggero;F;Illeso;0;;Non accertato;Inesploso
4166393;6;07/01/2019 13:00:00;Statale;VIA CASILINA;all'intersezione con;VIA DI VILLA SERVENTI;VIA DI VILLA SERVENTI;;;Tamponamento;Incrocio;Più di due carreggiate;Asciutto;Asfaltata;Verticale ed orizzontale;Sereno;Normale;Buona;Ore Diurne;1;0;0;4;12.5302;41.8847;-1;2;Autovettura privata;In marcia / fermata / arresto;Passeggero;M;Illeso;0;;Non accertato;Inesploso
4166393;6;07/01/2019 13:00:00;Statale;VIA CASILINA;all'intersezione con;VIA DI VILLA SERVENTI;VIA DI VILLA SERVENTI;;;Tamponamento;Incrocio;Più di due carreggiate;Asciutto;Asfaltata;Verticale ed orizzontale;Sereno;Normale;Buona;Ore Diurne;1;0;0;4;12.5302;41.8847;-1;2;Autovettura privata;In marcia / fermata / arresto;Passeggero;M;Illeso;0;;Non accertato;Inesploso
4166411;1;07/01/2019 08:20:00;Strada Urbana;VIA DELLE QUATTRO FONTANE;in prossimità;;del civico n.;161;;Veicolo in marcia contro veicolo in sosta;Rettilineo;Una carreggiata a senso unico di marcia;Asciutto;In cubetti di porfido;Verticale ed orizzontale;Sereno;Normale;Buona;Ore Diurne;1;0;0;1;12.489;41.9029;-1;1;Autovettura privata;In marcia / fermata / arresto;Conducente;M;Illeso;0;;Non accertato;Inesploso
4166411;1;07/01/2019 08:20:00;Strada Urbana;VIA DELLE QUATTRO FONTANE;in prossimità;;del civico n.;161;;Veicolo in marcia contro veicolo in sosta;Rettilineo;Una carreggiata a senso unico di marcia;Asciutto;In cubetti di porfido;Verticale ed orizzontale;Sereno;Normale;Buona;Ore Diurne;1;0;0;1;12.489;41.9029;-1;1;Autovettura privata;In marcia / fermata / arresto;Passeggero;F;Rimandato;0;NON DECEDUTO;Non accertato;
4166411;1;07/01/2019 08:20:00;Strada Urbana;VIA DELLE QUATTRO FONTANE;in prossimità;;del civico n.;161;;Veicolo in marcia contro veicolo in sosta;Rettilineo;Una carreggiata a senso unico di marcia;Asciutto;In cubetti di porfido;Verticale ed orizzontale;Sereno;Normale;Buona;Ore Diurne;1;0;0;1;12.489;41.9029;-1;2;Autocarro inferiore 35 q.;Sosta;;;;;;;
4166420;11;07/01/2019 12:10:00;Strada Urbana;VIA DELLA FOTOGRAFIA;in corrispondenza;;del civico n.;123;;Investimento di pedone;Rettilineo;Una carreggiata a doppio senso;Asciutto;Asfaltata;Assente;Sereno;Scarso;Buona;Ore Diurne;1;0;0;3;12.5156;41.8355;-1;;;;Pedone;F;Rimandato;0;NON DECEDUTO;;
4166420;11;07/01/2019 12:10:00;Strada Urbana;VIA DELLA FOTOGRAFIA;in corrispondenza;;del civico n.;123;;Investimento di pedone;Rettilineo;Una carreggiata a doppio senso;Asciutto;Asfaltata;Assente;Sereno;Scarso;Buona;Ore Diurne;1;0;0;3;12.5156;41.8355;-1;1;Autovettura privata;In marcia / fermata / arresto;Conducente;M;Illeso;0;;Non accertato;Inesploso
4166420;11;07/01/2019 12:10:00;Strada Urbana;VIA DELLA FOTOGRAFIA;in corrispondenza;;del civico n.;123;;Investimento di pedone;Rettilineo;Una carreggiata a doppio senso;Asciutto;Asfaltata;Assente;Sereno;Scarso;Buona;Ore Diurne;1;0;0;3;12.5156;41.8355;-1;1;Autovettura privata;In marcia / fermata / arresto;Passeggero;M;Illeso;0;;;
4166420;11;07/01/2019 12:10:00;Strada Urbana;VIA DELLA FOTOGRAFIA;in corrispondenza;;del civico n.;123;;Investimento di pedone;Rettilineo;Una carreggiata a doppio senso;Asciutto;Asfaltata;Assente;Sereno;Scarso;Buona;Ore Diurne;1;0;0;3;12.5156;41.8355;-1;1;Autovettura privata;In marcia / fermata / arresto;Passeggero;M;Illeso;0;;;
4166437;16;05/01/2019 12:40:00;Strada Urbana;VIALE DEI COLLI PORTUENSI;in corrispondenza;;del civico n.;511;;Veicolo in marcia contro ostacolo accidentale;Rettilineo;Due carreggiate;Asciutto;Asfaltata;Orizzontale;Sereno;Normale;Buona;Ore Diurne;1;0;0;5;12.4436;41.8619;-1;1;Autovettura privata;In marcia / fermata / arresto;Conducente;F;Illeso;0;;Non accertato;Inesploso
4166437;16;05/01/2019 12:40:00;Strada Urbana;VIALE DEI COLLI PORTUENSI;in corrispondenza;;del civico n.;511;;Veicolo in marcia contro ostacolo accidentale;Rettilineo;Due carreggiate;Asciutto;Asfaltata;Orizzontale;Sereno;Normale;Buona;Ore Diurne;1;0;0;5;12.4436;41.8619;-1;1;Autovettura privata;In marcia / fermata / arresto;Passeggero;M;Illeso;0;;Non accertato;Inesploso
4166437;16;05/01/2019 12:40:00;Strada Urbana;VIALE DEI COLLI PORTUENSI;in corrispondenza;;del civico n.;511;;Veicolo in marcia contro ostacolo accidentale;Rettilineo;Due carreggiate;Asciutto;Asfaltata;Orizzontale;Sereno;Normale;Buona;Ore Diurne;1;0;0;5;12.4436;41.8619;-1;1;Autovettura privata;In marcia / fermata / arresto;Passeggero;F;Illeso;0;;Non accertato;Inesploso
4166437;16;05/01/2019 12:40:00;Strada Urbana;VIALE DEI COLLI PORTUENSI;in corrispondenza;;del civico n.;511;;Veicolo in marcia contro ostacolo accidentale;Rettilineo;Due carreggiate;Asciutto;Asfaltata;Orizzontale;Sereno;Normale;Buona;Ore Diurne;1;0;0;5;12.4436;41.8619;-1;2;Motociclo a solo;In marcia / fermata / arresto;Conducente;F;Illeso;0;;Non accertato;
4166437;16;05/01/2019 12:40:00;Strada Urbana;VIALE DEI COLLI PORTUENSI;in corrispondenza;;del civico n.;511;;Veicolo in marcia contro ostacolo accidentale;Rettilineo;Due carreggiate;Asciutto;Asfaltata;Orizzontale;Sereno;Normale;Buona;Ore Diurne;1;0;0;5;12.4436;41.8619;-1;2;Motociclo a solo;In marcia / fermata / arresto;Passeggero;F;Rifiuta cure immediate;0;NON DECEDUTO;Non accertato;
4166437;16;05/01/2019 12:40:00;Strada Urbana;VIALE DEI COLLI PORTUENSI;in corrispondenza;;del civico n.;511;;Veicolo in marcia contro ostacolo accidentale;Rettilineo;Due carreggiate;Asciutto;Asfaltata;Orizzontale;Sereno;Normale;Buona;Ore Diurne;1;0;0;5;12.4436;41.8619;-1;3;Autovettura privata;In marcia / fermata / arresto;Conducente;M;Illeso;0;;Non accertato;Inesploso
4166470;18;05/01/2019 14:35:00;Strada Urbana;VIA AURELIA;da specificare;;;;altezza via COVIELLO;Tamponamento;Rettilineo;Più di due carreggiate;Asciutto;Asfaltata;Verticale ed orizzontale;Sereno;Normale;Buona;Ore Diurne;0;0;0;3;12.4131;41.8909;-1;1;Autovettura privata;In marcia / fermata / arresto;Conducente;M;Illeso;0;;;
4166470;18;05/01/2019 14:35:00;Strada Urbana;VIA AURELIA;da specificare;;;;altezza via COVIELLO;Tamponamento;Rettilineo;Più di due carreggiate;Asciutto;Asfaltata;Verticale ed orizzontale;Sereno;Normale;Buona;Ore Diurne;0;0;0;3;12.4131;41.8909;-1;1;Autovettura privata;In marcia / fermata / arresto;Passeggero;M;Illeso;0;;;
4166470;18;05/01/2019 14:35:00;Strada Urbana;VIA AURELIA;da specificare;;;;altezza via COVIELLO;Tamponamento;Rettilineo;Più di due carreggiate;Asciutto;Asfaltata;Verticale ed orizzontale;Sereno;Normale;Buona;Ore Diurne;0;0;0;3;12.4131;41.8909;-1;2;Autovettura privata;In marcia / fermata / arresto;Conducente;M;Illeso;0;;;
4166474;20;07/01/2019 13:15:00;Strada Urbana;CORSO DI FRANCIA;in prossimità;;del civico n.;80;;Tamponamento;Rettilineo;Due carreggiate;Asciutto;Asfaltata;Orizzontale;Sereno;Intenso;Buona;Ore Diurne;0;0;0;3;12.4715;41.9399;-1;1;Autovettura privata;In marcia / fermata / arresto;Conducente;M;Illeso;0;;Non accertato;Inesploso
4166474;20;07/01/2019 13:15:00;Strada Urbana;CORSO DI FRANCIA;in prossimità;;del civico n.;80;;Tamponamento;Rettilineo;Due carreggiate;Asciutto;Asfaltata;Orizzontale;Sereno;Intenso;Buona;Ore Diurne;0;0;0;3;12.4715;41.9399;-1;1;Autovettura privata;In marcia / fermata / arresto;Passeggero;M;Illeso;0;;Non accertato;Inesploso
4166474;20;07/01/2019 13:15:00;Strada Urbana;CORSO DI FRANCIA;in prossimità;;del civico n.;80;;Tamponamento;Rettilineo;Due carreggiate;Asciutto;Asfaltata;Orizzontale;Sereno;Intenso;Buona;Ore Diurne;0;0;0;3;12.4715;41.9399;-1;2;Motociclo a solo;In marcia / fermata / arresto;Conducente;M;Illeso;0;;Non accertato;
4166480;16;05/01/2019 13:30:00;Strada Urbana;VIA DI DONNA OLIMPIA;all'intersezione con;VIA VIRGINIO JACOUCCI;VIA VIRGINIO JACOUCCI;;;Scontro laterale fra veicoli in marcia;Incrocio;Una carreggiata a doppio senso;Asciutto;Asfaltata;Orizzontale;Sereno;Normale;Buona;Ore Diurne;0;0;0;2;12.4572;41.8737;-1;1;Autovettura privata;In marcia / fermata / arresto;Conducente;M;Illeso;0;;Non accertato;Inesploso
4166480;16;05/01/2019 13:30:00;Strada Urbana;VIA DI DONNA OLIMPIA;all'intersezione con;VIA VIRGINIO JACOUCCI;VIA VIRGINIO JACOUCCI;;;Scontro laterale fra veicoli in marcia;Incrocio;Una carreggiata a doppio senso;Asciutto;Asfaltata;Orizzontale;Sereno;Normale;Buona;Ore Diurne;0;0;0;2;12.4572;41.8737;-1;2;Autovettura privata;In marcia / fermata / arresto;Conducente;M;Illeso;0;;Non accertato;Inesploso
4166498;16;01/01/2019 18:30:00;Strada Urbana;CIRCONVALLAZIONE GIANICOLENSE;da specificare;;;;all'altezza di Via Verospi;Investimento di pedone;Rettilineo;Più di due carreggiate;Asciutto;Asfaltata;Verticale ed orizzontale;Sereno;Scarso;Sufficiente;Sufficiente;1;0;0;0;12.4496;41.8725;-1;;;;Pedone;M;Rimandato;0;NON DECEDUTO;;
4166507;23;04/01/2019 15:00:00;Comunale extraurbana;VIA CRISTOFORO COLOMBO;in corrispondenza;;della chilometrica;17.74;;Tamponamento;Pendenza;Due carreggiate;Asciutto;Asfaltata;Verticale ed orizzontale;Sereno;Intenso;Insufficiente;Ore Diurne;1;0;1;1;12.3978;41.7764;-1;1;Autovettura privata;In marcia / fermata / arresto;Conducente;M;Deceduto sul posto;-1;;Non utilizzato;Esploso
4166507;23;04/01/2019 15:00:00;Comunale extraurbana;VIA CRISTOFORO COLOMBO;in corrispondenza;;della chilometrica;17.74;;Tamponamento;Pendenza;Due carreggiate;Asciutto;Asfaltata;Verticale ed orizzontale;Sereno;Intenso;Insufficiente;Ore Diurne;1;0;1;1;12.3978;41.7764;-1;2;Autovettura privata;In marcia / fermata / arresto;Conducente;M;Rimandato;0;NON DECEDUTO;Non accertato;Inesploso
4166507;23;04/01/2019 15:00:00;Comunale extraurbana;VIA CRISTOFORO COLOMBO;in corrispondenza;;della chilometrica;17.74;;Tamponamento;Pendenza;Due carreggiate;Asciutto;Asfaltata;Verticale ed orizzontale;Sereno;Intenso;Insufficiente;Ore Diurne;1;0;1;1;12.3978;41.7764;-1;2;Autovettura privata;In marcia / fermata / arresto;Passeggero;F;Illeso;0;;Non accertato;Inesploso
4166509;18;05/01/2019 15:30:00;Strada Urbana;CIRCONVALLAZIONE CORNELIA;in corrispondenza;;del civico n.;137;;Veicolo in marcia contro veicolo in sosta;Rettilineo;Due carreggiate;Asciutto;Asfaltata;Verticale ed orizzontale;Sereno;Normale;Buona;Ore Diurne;0;0;0;1;12.4251;41.9032;-1;1;Autovettura privata;In marcia / fermata / arresto;Conducente;M;Illeso;0;;Non accertato;Inesploso
4166509;18;05/01/2019 15:30:00;Strada Urbana;CIRCONVALLAZIONE CORNELIA;in corrispondenza;;del civico n.;137;;Veicolo in marcia contro veicolo in sosta;Rettilineo;Due carreggiate;Asciutto;Asfaltata;Verticale ed orizzontale;Sereno;Normale;Buona;Ore Diurne;0;0;0;1;12.4251;41.9032;-1;2;Autovettura privata;Sosta;;;;;;;
4166533;6;07/01/2019 15:15:00;Strada Urbana;VIA MARIO BARATTA;in corrispondenza;;del civico n.;12;;Veicolo in marcia contro veicoli in sosta;Rettilineo;Una carreggiata a senso unico di marcia;Asciutto;Asfaltata;Assente;Sereno;Normale;Buona;Ore Diurne;0;0;0;3;12.5416;41.882;-1;1;Autovettura privata;In marcia / fermata / arresto;Conducente;M;Illeso;0;;Non accertato;Inesploso
4166533;6;07/01/2019 15:15:00;Strada Urbana;VIA MARIO BARATTA;in corrispondenza;;del civico n.;12;;Veicolo in marcia contro veicoli in sosta;Rettilineo;Una carreggiata a senso unico di marcia;Asciutto;Asfaltata;Assente;Sereno;Normale;Buona;Ore Diurne;0;0;0;3;12.5416;41.882;-1;1;Autovettura privata;In marcia / fermata / arresto;Passeggero;F;Illeso;0;;Non accertato;Inesploso
4166533;6;07/01/2019 15:15:00;Strada Urbana;VIA MARIO BARATTA;in corrispondenza;;del civico n.;12;;Veicolo in marcia contro veicoli in sosta;Rettilineo;Una carreggiata a senso unico di marcia;Asciutto;Asfaltata;Assente;Sereno;Normale;Buona;Ore Diurne;0;0;0;3;12.5416;41.882;-1;2;Autovettura privata;In marcia / fermata / arresto;Conducente;M;Illeso;0;;Non accertato;Inesploso
4166578;18;05/01/2019 18:00:00;Strada Urbana;VIA DI TORREVECCHIA;da specificare;;;;fronte civico 791;Scontro frontale/laterale DX fra veicoli in marcia;Rettilineo;Una carreggiata a doppio senso;Asciutto;Asfaltata;Verticale ed orizzontale;Sereno;Normale;Sufficiente;Sufficiente;1;0;0;1;12.4123;41.9234;-1;1;Autovettura privata;In marcia / fermata / arresto;Conducente;F;Illeso;0;;Non accertato;Inesploso
4166578;18;05/01/2019 18:00:00;Strada Urbana;VIA DI TORREVECCHIA;da specificare;;;;fronte civico 791;Scontro frontale/laterale DX fra veicoli in marcia;Rettilineo;Una carreggiata a doppio senso;Asciutto;Asfaltata;Verticale ed orizzontale;Sereno;Normale;Sufficiente;Sufficiente;1;0;0;1;12.4123;41.9234;-1;2;Motociclo a solo;In marcia / fermata / arresto;Conducente;M;Rifiuta cure immediate;0;NON DECEDUTO;Non accertato;
4166580;12;06/01/2019 18:20:00;Strada Urbana;VIA CRISTOFORO COLOMBO;da specificare;;;;altezza svinc. via Del Pattinaggio;Scontro laterale fra veicoli in marcia;Rettilineo;Più di due carreggiate;Asciutto;Asfaltata;Orizzontale;Sereno;Normale;Sufficiente;Sufficiente;2;0;0;0;12.4121;41.786;-1;1;Motociclo con passeggero;In marcia / fermata / arresto;Conducente;M;Rimandato;0;NON DECEDUTO;Utilizzato;
4166580;12;06/01/2019 18:20:00;Strada Urbana;VIA CRISTOFORO COLOMBO;da specificare;;;;altezza svinc. via Del Pattinaggio;Scontro laterale fra veicoli in marcia;Rettilineo;Più di due carreggiate;Asciutto;Asfaltata;Orizzontale;Sereno;Normale;Sufficiente;Sufficiente;2;0;0;0;12.4121;41.786;-1;2;Autovettura privata;In marcia / fermata / arresto;Conducente;F;Rimandato;0;NON DECEDUTO;Utilizzato;Inesploso
4166595;18;06/01/2019 06:50:00;Strada Urbana;PIAZZA S. GIOVANNI BATTISTA DE LA SALLE;all'intersezione semaforizzata con;CIRCONVALLAZIONE AURELIA;CIRCONVALLAZIONE AURELIA;;;Scontro frontale/laterale DX fra veicoli in marcia;Intersezione semaforizzata;Più di due carreggiate;Asciutto;Asfaltata;Verticale ed orizzontale;Sereno;Scarso;Buona;Ore Diurne;1;0;0;1;12.4275;41.8984;-1;1;Motociclo a solo;In marcia / fermata / arresto;Conducente;F;Rimandato;0;NON DECEDUTO;;
4166595;18;06/01/2019 06:50:00;Strada Urbana;PIAZZA S. GIOVANNI BATTISTA DE LA SALLE;all'intersezione semaforizzata con;CIRCONVALLAZIONE AURELIA;CIRCONVALLAZIONE AURELIA;;;Scontro frontale/laterale DX fra veicoli in marcia;Intersezione semaforizzata;Più di due carreggiate;Asciutto;Asfaltata;Verticale ed orizzontale;Sereno;Scarso;Buona;Ore Diurne;1;0;0;1;12.4275;41.8984;-1;2;Autovettura privata;In marcia / fermata / arresto;Conducente;M;Illeso;0;;;
4166608;12;05/01/2019 17:15:00;Strada Urbana;VIALE DEI CADUTI NELLA GUERRA DI LIBERAZIONE;all'intersezione semaforizzata con;VIA PONTINA;VIA PONTINA;;;Tamponamento;Intersezione semaforizzata;Una carreggiata a senso unico di marcia;Asciutto;Asfaltata;Verticale ed orizzontale;Sereno;Normale;Sufficiente;Ore Diurne;0;0;0;2;12.4516;41.7925;-1;1;Autovettura privata;In marcia / fermata / arresto;Conducente;F;Illeso;0;;;