Protocollo;Gruppo;DataOraIncidente;Localizzazione1;STRADA1;Localizzazione2;STRADA2;Strada02;Chilometrica;DaSpecificare;NaturaIncidente;particolaritastrade;TipoStrada;FondoStradale;Pavimentazione;Segnaletica;CondizioneAtmosferica;Traffico;Visibilita;Illuminazione;NUM_FERITI;NUM_RISERVATA;NUM_MORTI;NUM_ILLESI;Longitudine;Latitudine;Confermato;Progressivo;TipoVeicolo;StatoVeicolo;TipoPersona;Sesso;Tipolesione;Deceduto;DecedutoDopo;CinturaCascoUtilizzato;Airbag;
4169358;16;08/01/2019 12:10:00;Strada Urbana;VIA EDOARDO JENNER;in prossimità;;del civico n.;111;;Tamponamento Multiplo;Rettilineo;Una carreggiata a doppio senso;Asciutto;Asfaltata;Verticale ed orizzontale;Nuvoloso;Normale;Sufficiente;Ore Diurne;0;0;0;4;12.4449;41.8719;-1;2;Autovettura privata;In marcia / fermata / arresto;Conducente;F;Illeso;0;;Non accertato;
4169358;16;08/01/2019 12:10:00;Strada Urbana;VIA EDOARDO JENNER;in prossimità;;del civico n.;111;;Tamponamento Multiplo;Rettilineo;Una carreggiata a doppio senso;Asciutto;Asfaltata;Verticale ed orizzontale;Nuvoloso;Normale;Sufficiente;Ore Diurne;0;0;0;4;12.4449;41.8719;-1;2;Autovettura privata;In marcia / fermata / arresto;Passeggero;F;Illeso;0;;Non accertato;
4169358;16;08/01/2019 12:10:00;Strada Urbana;VIA EDOARDO JENNER;in prossimità;;del civico n.;111;;Tamponamento Multiplo;Rettilineo;Una carreggiata a doppio senso;Asciutto;Asfaltata;Verticale ed orizzontale;Nuvoloso;Normale;Sufficiente;Ore Diurne;0;0;0;4;12.4449;41.8719;-1;3;Autovettura privata;In marcia / fermata / arresto;Conducente;F;Illeso;0;;Non accertato;
4169393;1;08/01/2019 14:30:00;Strada Urbana;LUNGOTEVERE RAFFAELLO SANZIO;in prossimità;;del civico n.;16;;Veicolo in marcia contro veicolo arresto;Rettilineo;Una carreggiata a senso unico di marcia;Bagnato (pioggia);Asfaltata;Verticale ed orizzontale;Pioggia in atto;Intenso;Buona;Ore Diurne;1;0;0;1;12.4738;41.8905;-1;1;Autovettura privata;In marcia / fermata / arresto;Conducente;M;Illeso;0;;Non accertato;Inesploso
4169393;1;08/01/2019 14:30:00;Strada Urbana;LUNGOTEVERE RAFFAELLO SANZIO;in prossimità;;del civico n.;16;;Veicolo in marcia contro veicolo arresto;Rettilineo;Una carreggiata a senso unico di marcia;Bagnato (pioggia);Asfaltata;Verticale ed orizzontale;Pioggia in atto;Intenso;Buona;Ore Diurne;1;0;0;1;12.4738;41.8905;-1;2;Motociclo a solo;In marcia / fermata / arresto;Conducente;M;Rimandato;0;NON DECEDUTO;Non accertato;
4169446;23;08/01/2019 18:10:00;Comunale extraurbana;VIA CRISTOFORO COLOMBO;all'intersezione semaforizzata con;VIA DEL CANALE DELLA LINGUA;VIA DEL CANALE DELLA LINGUA;;;Scontro laterale fra veicoli in marcia;Intersezione semaforizzata;Più di due carreggiate;Bagnato (umidità in atto);Asfaltata;Verticale ed orizzontale;Nuvoloso;Normale;Buona;Sufficiente;0;0;0;3;12.3455;41.7365;-1;1;Autovettura privata;In marcia / fermata / arresto;Conducente;M;Illeso;0;;Non accertato;Inesploso
4169446;23;08/01/2019 18:10:00;Comunale extraurbana;VIA CRISTOFORO COLOMBO;all'intersezione semaforizzata con;VIA DEL CANALE DELLA LINGUA;VIA DEL CANALE DELLA LINGUA;;;Scontro laterale fra veicoli in marcia;Intersezione semaforizzata;Più di due carreggiate;Bagnato (umidità in atto);Asfaltata;Verticale ed orizzontale;Nuvoloso;Normale;Buona;Sufficiente;0;0;0;3;12.3455;41.7365;-1;2;Autovettura privata;In marcia / fermata / arresto;Conducente;F;Illeso;0;;Non accertato;Inesploso
4169446;23;08/01/2019 18:10:00;Comunale extraurbana;VIA CRISTOFORO COLOMBO;all'intersezione semaforizzata con;VIA DEL CANALE DELLA LINGUA;VIA DEL CANALE DELLA LINGUA;;;Scontro laterale fra veicoli in marcia;Intersezione semaforizzata;Più di due carreggiate;Bagnato (umidità in atto);Asfaltata;Verticale ed orizzontale;Nuvoloso;Normale;Buona;Sufficiente;0;0;0;3;12.3455;41.7365;-1;2;Autovettura privata;In marcia / fermata / arresto;Passeggero;M;Illeso;0;;Non accertato;Inesploso
4169464;23;08/01/2019 18:00:00;Strada Urbana;VIA DI CASTEL DI LEVA;da specificare;;;;in prossimità via Capelli;Tamponamento;Rotatoria;Una carreggiata a senso unico di marcia;Bagnato (umidità in atto);Asfaltata;Verticale ed orizzontale;Nuvoloso;Normale;Sufficiente;Sufficiente;1;0;0;1;12.492;41.7871;-1;1;Motociclo a solo;In marcia / fermata / arresto;Conducente;M;Rimandato;0;NON DECEDUTO;Non accertato;
4169464;23;08/01/2019 18:00:00;Strada Urbana;VIA DI CASTEL DI LEVA;da specificare;;;;in prossimità via Capelli;Tamponamento;Rotatoria;Una carreggiata a senso unico di marcia;Bagnato (umidità in atto);Asfaltata;Verticale ed orizzontale;Nuvoloso;Normale;Sufficiente;Sufficiente;1;0;0;1;12.492;41.7871;-1;2;Autovettura privata;In marcia / fermata / arresto;Conducente;F;Illeso;0;;Non accertato;Inesploso
4169490;11;09/01/2019 10:30:00;Strada Urbana;VIALE GUGLIELMO MARCONI;in prossimità;;del civico n.;507;;Scontro laterale fra veicoli in marcia;Rettilineo;Due carreggiate;Bagnato (pioggia);Asfaltata;Orizzontale;Sereno;Normale;Buona;Ore Diurne;0;0;0;2;12.473;41.8532;-1;1;Autovettura privata;In marcia / fermata / arresto;Conducente;M;Illeso;0;;Non accertato;Inesploso
4169490;11;09/01/2019 10:30:00;Strada Urbana;VIALE GUGLIELMO MARCONI;in prossimità;;del civico n.;507;;Scontro laterale fra veicoli in marcia;Rettilineo;Due carreggiate;Bagnato (pioggia);Asfaltata;Orizzontale;Sereno;Normale;Buona;Ore Diurne;0;0;0;2;12.473;41.8532;-1;2;Autoarticolato;In marcia / fermata / arresto;Conducente;M;Illeso;0;;Non accertato;Inesploso
4169523;2;09/01/2019 11:10:00;Strada Urbana;VIA DEI CAMPI SPORTIVI;da specificare;;;;altezza rampa uscita via foro Italico;Tamponamento;Rettilineo;Una carreggiata a senso unico di marcia;Asciutto;Asfaltata;Orizzontale;Sereno;Normale;Buona;Ore Diurne;0;0;0;2;12.4913;41.939;-1;1;Autovettura privata;In marcia / fermata / arresto;Conducente;F;Illeso;0;;;
4169523;2;09/01/2019 11:10:00;Strada Urbana;VIA DEI CAMPI SPORTIVI;da specificare;;;;altezza rampa uscita via foro Italico;Tamponamento;Rettilineo;Una carreggiata a senso unico di marcia;Asciutto;Asfaltata;Orizzontale;Sereno;Normale;Buona;Ore Diurne;0;0;0;2;12.4913;41.939;-1;2;Autovettura privata;In marcia / fermata / arresto;Conducente;M;Illeso;0;;Non accertato;
4169531;16;08/01/2019 16:30:00;Strada Urbana;VIA SILVESTRI;in corrispondenza;;del civico n.;196;;Investimento di pedone;Rettilineo;Una carreggiata a doppio senso;Bagnato (pioggia);Asfaltata;Verticale ed orizzontale;Nuvoloso;Intenso;Sufficiente;Ore Diurne;1;0;0;1;12.4318;41.8774;-1;;;;Pedone;M;Rimandato;0;NON DECEDUTO;;
4169531;16;08/01/2019 16:30:00;Strada Urbana;VIA SILVESTRI;in corrispondenza;;del civico n.;196;;Investimento di pedone;Rettilineo;Una carreggiata a doppio senso;Bagnato (pioggia);Asfaltata;Verticale ed orizzontale;Nuvoloso;Intenso;Sufficiente;Ore Diurne;1;0;0;1;12.4318;41.8774;-1;1;Autovettura privata;In marcia / fermata / arresto;Conducente;M;Illeso;0;;Non accertato;Inesploso
4169532;12;08/01/2019 18:30:00;Strada Urbana;VIALE AMERICA;in prossimità;;del civico n.;201;;Investimento di pedone;Rettilineo;Una carreggiata a doppio senso;Bagnato (pioggia);Asfaltata;Verticale ed orizzontale;Pioggia in atto;Normale;Buona;Sufficiente;1;0;0;2;12.4666;41.8305;-1;;;;Pedone;F;Rimandato;0;NON DECEDUTO;;
4169532;12;08/01/2019 18:30:00;Strada Urbana;VIALE AMERICA;in prossimità;;del civico n.;201;;Investimento di pedone;Rettilineo;Una carreggiata a doppio senso;Bagnato (pioggia);Asfaltata;Verticale ed orizzontale;Pioggia in atto;Normale;Buona;Sufficiente;1;0;0;2;12.4666;41.8305;-1;1;Autovettura privata;In marcia / fermata / arresto;Conducente;F;Illeso;0;;Utilizzato;Inesploso
4169532;12;08/01/2019 18:30:00;Strada Urbana;VIALE AMERICA;in prossimità;;del civico n.;201;;Investimento di pedone;Rettilineo;Una carreggiata a doppio senso;Bagnato (pioggia);Asfaltata;Verticale ed orizzontale;Pioggia in atto;Normale;Buona;Sufficiente;1;0;0;2;12.4666;41.8305;-1;1;Autovettura privata;In marcia / fermata / arresto;Passeggero;F;Illeso;0;;Utilizzato;Inesploso
4169549;4;08/01/2019 08:20:00;Provinciale entro l'abitato;VIA NOMENTANA;in corrispondenza;;del civico n.;913;;Tamponamento;Rettilineo;Una carreggiata a doppio senso;Asciutto;Asfaltata;Orizzontale;Sereno;Intenso;Buona;Ore Diurne;0;0;0;2;12.5574;41.9432;-1;1;Autovettura privata;In marcia / fermata / arresto;Conducente;M;Illeso;0;;Non accertato;Inesploso
4169549;4;08/01/2019 08:20:00;Provinciale entro l'abitato;VIA NOMENTANA;in corrispondenza;;del civico n.;913;;Tamponamento;Rettilineo;Una carreggiata a doppio senso;Asciutto;Asfaltata;Orizzontale;Sereno;Intenso;Buona;Ore Diurne;0;0;0;2;12.5574;41.9432;-1;2;Autocarro inferiore 35 q.;In marcia / fermata / arresto;Conducente;M;Illeso;0;;Non accertato;
4169550;16;08/01/2019 16:45:00;Strada Urbana;VIA DI VILLA TROILI;all'intersezione con;VIA DEGLI ALDOBRANDESCHI;VIA DEGLI ALDOBRANDESCHI;;;Infortunio per sola frenata improvvisa;Incrocio;Una carreggiata a doppio senso;Bagnato (pioggia);Asfaltata;Verticale;Pioggia in atto;Normale;Insufficiente;Insufficiente;1;0;0;0;12.4068;41.8817;-1;1;Motociclo a solo;In marcia / fermata / arresto;Conducente;M;Rimandato;0;NON DECEDUTO;;
4169557;4;08/01/2019 16:25:00;Strada Urbana;VIA VIRGILIO TALLI;da specificare;;;;prossimità Via Nazzareno De Angelis;Tamponamento;Rettilineo;Due carreggiate;Bagnato (pioggia);Asfaltata;Verticale ed orizzontale;Nuvoloso;Normale;Buona;Ore Diurne;0;0;0;3;12.5231;41.9646;-1;1;Autovettura privata;In marcia / fermata / arresto;Conducente;F;Illeso;0;;;
4169557;4;08/01/2019 16:25:00;Strada Urbana;VIA VIRGILIO TALLI;da specificare;;;;prossimità Via Nazzareno De Angelis;Tamponamento;Rettilineo;Due carreggiate;Bagnato (pioggia);Asfaltata;Verticale ed orizzontale;Nuvoloso;Normale;Buona;Ore Diurne;0;0;0;3;12.5231;41.9646;-1;1;Autovettura privata;In marcia / fermata / arresto;Passeggero;M;Illeso;0;;Non accertato;Inesploso
4169557;4;08/01/2019 16:25:00;Strada Urbana;VIA VIRGILIO TALLI;da specificare;;;;prossimità Via Nazzareno De Angelis;Tamponamento;Rettilineo;Due carreggiate;Bagnato (pioggia);Asfaltata;Verticale ed orizzontale;Nuvoloso;Normale;Buona;Ore Diurne;0;0;0;3;12.5231;41.9646;-1;2;Autovettura privata;In marcia / fermata / arresto;Conducente;M;Illeso;0;;;
4169565;16;08/01/2019 19:30:00;Strada Urbana;PONTE TESTACCIO;all'intersezione con;LUNGOTEVERE PORTUENSE;LUNGOTEVERE PORTUENSE;;;Scontro laterale fra veicoli in marcia;Incrocio;Una carreggiata a doppio senso;Bagnato (pioggia);Asfaltata;Orizzontale;Pioggia in atto;Intenso;Sufficiente;Sufficiente;0;0;0;2;12.4702;41.8753;-1;1;Altro;In marcia / fermata / arresto;Conducente;M;Illeso;0;;Non accertato;
4169565;16;08/01/2019 19:30:00;Strada Urbana;PONTE TESTACCIO;all'intersezione con;LUNGOTEVERE PORTUENSE;LUNGOTEVERE PORTUENSE;;;Scontro laterale fra veicoli in marcia;Incrocio;Una carreggiata a doppio senso;Bagnato (pioggia);Asfaltata;Orizzontale;Pioggia in atto;Intenso;Sufficiente;Sufficiente;0;0;0;2;12.4702;41.8753;-1;2;Autovettura privata;In marcia / fermata / arresto;Conducente;M;Illeso;0;;Non accertato;
4169584;12;08/01/2019 14:50:00;Comunale extraurbana;VIA DI TRIGORIA;in corrispondenza;;del palo luce n.;117;;Veicolo in marcia contro ostacolo fisso;Rettilineo;Una carreggiata a doppio senso;Bagnato (umidità in atto);Asfaltata;Verticale;Nuvoloso;Normale;Sufficiente;Ore Diurne;1;0;0;1;12.4791;41.7699;-1;1;Autovettura privata;In marcia / fermata / arresto;Conducente;F;Illeso;0;;Utilizzato;Inesploso
4169584;12;08/01/2019 14:50:00;Comunale extraurbana;VIA DI TRIGORIA;in corrispondenza;;del palo luce n.;117;;Veicolo in marcia contro ostacolo fisso;Rettilineo;Una carreggiata a doppio senso;Bagnato (umidità in atto);Asfaltata;Verticale;Nuvoloso;Normale;Sufficiente;Ore Diurne;1;0;0;1;12.4791;41.7699;-1;2;Autovettura privata;In marcia / fermata / arresto;Conducente;F;Rimandato;0;NON DECEDUTO;Non accertato;Esploso
4169607;11;09/01/2019 11:25:00;Strada Urbana;VIALE ALDO BALLARIN;in prossimità;;del palo luce n.;89;;Scontro frontale/laterale DX fra veicoli in marcia;Rettilineo;Una carreggiata a doppio senso;Bagnato (pioggia);Asfaltata;Orizzontale;Nuvoloso;Scarso;Buona;Ore Diurne;0;0;0;2;12.4939;41.8391;-1;1;Autovettura privata;In marcia / fermata / arresto;Conducente;F;Illeso;0;;Non accertato;Inesploso
4169607;11;09/01/2019 11:25:00;Strada Urbana;VIALE ALDO BALLARIN;in prossimità;;del palo luce n.;89;;Scontro frontale/laterale DX fra veicoli in marcia;Rettilineo;Una carreggiata a doppio senso;Bagnato (pioggia);Asfaltata;Orizzontale;Nuvoloso;Scarso;Buona;Ore Diurne;0;0;0;2;12.4939;41.8391;-1;2;Motociclo a solo;In marcia / fermata / arresto;Conducente;F;Illeso;0;;Non accertato;
4169613;4;08/01/2019 23:20:00;Strada Urbana;VIA ALTAGNANA;da specificare;;;;ALTEZZA PALO ACEA N. 9;Veicolo in marcia contro ostacolo fisso;Curva a visuale libera;Una carreggiata a doppio senso;Bagnato (pioggia);Asfaltata;Verticale ed orizzontale;Pioggia in atto;Scarso;Sufficiente;Sufficiente;0;0;0;1;12.5159;41.977;-1;1;Autovettura privata;In marcia / fermata / arresto;Conducente;M;Illeso;0;;Non accertato;Inesploso
4169622;12;08/01/2019 15:45:00;Strada Urbana;VIA CRISTOFORO COLOMBO;da specificare;;;;CORSIA LATERALE IN PROSS. V.LE AGRICOLTURA;Scontro laterale fra veicoli in marcia;Rettilineo;Più di due carreggiate;Bagnato (pioggia);Asfaltata;Verticale ed orizzontale;Pioggia in atto;Normale;Buona;Ore Diurne;0;0;0;4;12.473;41.8382;-1;1;Autovettura privata;In marcia / fermata / arresto;Conducente;M;Illeso;0;;Utilizzato;Inesploso
4169622;12;08/01/2019 15:45:00;Strada Urbana;VIA CRISTOFORO COLOMBO;da specificare;;;;CORSIA LATERALE IN PROSS. V.LE AGRICOLTURA;Scontro laterale fra veicoli in marcia;Rettilineo;Più di due carreggiate;Bagnato (pioggia);Asfaltata;Verticale ed orizzontale;Pioggia in atto;Normale;Buona;Ore Diurne;0;0;0;4;12.473;41.8382;-1;1;Autovettura privata;In marcia / fermata / arresto;Passeggero;M;Illeso;0;;Utilizzato;Inesploso
4169622;12;08/01/2019 15:45:00;Strada Urbana;VIA CRISTOFORO COLOMBO;da specificare;;;;CORSIA LATERALE IN PROSS. V.LE AGRICOLTURA;Scontro laterale fra veicoli in marcia;Rettilineo;Più di due carreggiate;Bagnato (pioggia);Asfaltata;Verticale ed orizzontale;Pioggia in atto;Normale;Buona;Ore Diurne;0;0;0;4;12.473;41.8382;-1;2;Autovettura privata;In marcia / fermata / arresto;Conducente;M;Illeso;0;;Non accertato;Inesploso
4169622;12;08/01/2019 15:45:00;Strada Urbana;VIA CRISTOFORO COLOMBO;da specificare;;;;CORSIA LATERALE IN PROSS. V.LE AGRICOLTURA;Scontro laterale fra veicoli in marcia;Rettilineo;Più di due carreggiate;Bagnato (pioggia);Asfaltata;Verticale ed orizzontale;Pioggia in atto;Normale;Buona;Ore Diurne;0;0;0;4;12.473;41.8382;-1;2;Autovettura privata;In marcia / fermata / arresto;Passeggero;F;Illeso;0;;Utilizzato;Inesploso
4169630;17;09/01/2019 08:20:00;Strada Urbana;VIA FILIPPO CORRIDONI;all'intersezione con;VIA FABIO FILZI;VIA FABIO FILZI;;;Scontro frontale/laterale DX fra veicoli in marcia;Incrocio;Due carreggiate;Bagnato (pioggia);Asfaltata;Verticale ed orizzontale;Nuvoloso;Normale;Buona;Ore Diurne;0;0;0;2;12.4606;41.921;-1;1;Autovettura privata;In marcia / fermata / arresto;Conducente;F;Illeso;0;;;
4169630;17;09/01/2019 08:20:00;Strada Urbana;VIA FILIPPO CORRIDONI;all'intersezione con;VIA FABIO FILZI;VIA FABIO FILZI;;;Scontro frontale/laterale DX fra veicoli in marcia;Incrocio;Due carreggiate;Bagnato (pioggia);Asfaltata;Verticale ed orizzontale;Nuvoloso;Normale;Buona;Ore Diurne;0;0;0;2;12.4606;41.921;-1;2;Autovettura privata;In marcia / fermata / arresto;Conducente;F;Illeso;0;;;
4169632;1;09/01/2019 08:35:00;Strada Urbana;LUNGOTEVERE TESTACCIO;all'intersezione con;VIA ALDO MANUZIO;VIA ALDO MANUZIO;;;Scontro laterale fra veicoli in marcia;Intersezione stradale segnalata;Una carreggiata a doppio senso;Bagnato (pioggia);Asfaltata;Verticale ed orizzontale;Nuvoloso;Normale;Buona;Ore Diurne;0;0;0;3;12.4709;41.8768;-1;1;Autovettura privata;In marcia / fermata / arresto;Conducente;F;Illeso;0;;Non accertato;
4169632;1;09/01/2019 08:35:00;Strada Urbana;LUNGOTEVERE TESTACCIO;all'intersezione con;VIA ALDO MANUZIO;VIA ALDO MANUZIO;;;Scontro laterale fra veicoli in marcia;Intersezione stradale segnalata;Una carreggiata a doppio senso;Bagnato (pioggia);Asfaltata;Verticale ed orizzontale;Nuvoloso;Normale;Buona;Ore Diurne;0;0;0;3;12.4709;41.8768;-1;2;Autovettura privata;In marcia / fermata / arresto;Conducente;M;Illeso;0;;Non accertato;
4169632;1;09/01/2019 08:35:00;Strada Urbana;LUNGOTEVERE TESTACCIO;all'intersezione con;VIA ALDO MANUZIO;VIA ALDO MANUZIO;;;Scontro laterale fra veicoli in marcia;Intersezione stradale segnalata;Una carreggiata a doppio senso;Bagnato (pioggia);Asfaltata;Verticale ed orizzontale;Nuvoloso;Normale;Buona;Ore Diurne;0;0;0;3;12.4709;41.8768;-1;3;Autovettura privata;In marcia / fermata / arresto;Conducente;M;Illeso;0;;Non accertato;
4169738;10;09/01/2019 12:40:00;Strada Urbana;VIALE DEI CONSOLI;all'intersezione semaforizzata con;VIA SCRIBONIO CURIONE;VIA SCRIBONIO CURIONE;;;Scontro laterale fra veicoli in marcia;Intersezione semaforizzata;Due carreggiate;Bagnato (umidità in atto);Asfaltata;Verticale ed orizzontale;Nuvoloso;Normale;Buona;Ore Diurne;0;0;0;2;12.5539;41.8634;-1;1;Autovettura privata;In marcia / fermata / arresto;Conducente;F;Illeso;0;;Non accertato;Inesploso
4169738;10;09/01/2019 12:40:00;Strada Urbana;VIALE DEI CONSOLI;all'intersezione semaforizzata con;VIA SCRIBONIO CURIONE;VIA SCRIBONIO CURIONE;;;Scontro laterale fra veicoli in marcia;Intersezione semaforizzata;Due carreggiate;Bagnato (umidità in atto);Asfaltata;Verticale ed orizzontale;Nuvoloso;Normale;Buona;Ore Diurne;0;0;0;2;12.5539;41.8634;-1;2;Autovettura privata;In marcia / fermata / arresto;Conducente;M;Illeso;0;;Non accertato;Inesploso
4169745;1;09/01/2019 09:00:00;Strada Urbana;VIALE AVENTINO;in corrispondenza;;del civico n.;67;;Tamponamento;Rettilineo;Più di due carreggiate;Bagnato (umidità in atto);In cubetti di porfido;Verticale ed orizzontale;Nuvoloso;Normale;Buona;Ore Diurne;1;0;0;1;12.4858;41.8812;-1;1;Motociclo a solo;In marcia / fermata / arresto;Conducente;F;Rimandato;0;NON DECEDUTO;Non accertato;
4169745;1;09/01/2019 09:00:00;Strada Urbana;VIALE AVENTINO;in corrispondenza;;del civico n.;67;;Tamponamento;Rettilineo;Più di due carreggiate;Bagnato (umidità in atto);In cubetti di porfido;Verticale ed orizzontale;Nuvoloso;Normale;Buona;Ore Diurne;1;0;0;1;12.4858;41.8812;-1;2;Autovettura privata;In marcia / fermata / arresto;Conducente;F;Illeso;0;;Non accertato;
4169869;18;09/01/2019 12:15:00;Strada Urbana;VIA DI BOCCEA;in corrispondenza;;del civico n.;229;;Ribaltamento senza urto contro ostacolo fisso;Rettilineo;Una carreggiata a doppio senso;Asciutto;Asfaltata;Verticale ed orizzontale;Sereno;Normale;Buona;Ore Diurne;1;0;0;1;12.4205;41.9034;-1;1;Motociclo a solo;In marcia / fermata / arresto;Conducente;M;Rimandato;0;NON DECEDUTO;Non accertato;
4169869;18;09/01/2019 12:15:00;Strada Urbana;VIA DI BOCCEA;in corrispondenza;;del civico n.;229;;Ribaltamento senza urto contro ostacolo fisso;Rettilineo;Una carreggiata a doppio senso;Asciutto;Asfaltata;Verticale ed orizzontale;Sereno;Normale;Buona;Ore Diurne;1;0;0;1;12.4205;41.9034;-1;2;Autovettura privata;In marcia / fermata / arresto;Conducente;F;Illeso;0;;;
4169887;2;09/01/2019 11:28:00;Strada Urbana;CIRCONVALLAZIONE SALARIA;da specificare;;;;dir. stadio prox ponte delle Valli;Veicolo in marcia contro ostacolo accidentale;Rettilineo;Due carreggiate;Asciutto;Asfaltata;Verticale ed orizzontale;Sereno;Normale;Buona;Ore Diurne;0;0;0;1;12.5207;41.9347;-1;1;Autovettura privata;In marcia / fermata / arresto;Conducente;M;Illeso;0;;Non accertato;Inesploso
4169894;1;09/01/2019 09:15:00;Strada Urbana;VIA DANDOLO;all'intersezione con;VIA NICOLA FABRIZI;VIA NICOLA FABRIZI;;;Scontro frontale/laterale DX fra veicoli in marcia;Incrocio;Una carreggiata a doppio senso;Bagnato (pioggia);Asfaltata;Verticale ed orizzontale;Sereno;Normale;Buona;Ore Diurne;1;0;0;4;12.4664;41.8853;-1;1;Autovettura privata;In marcia / fermata / arresto;Conducente;M;Illeso;0;;Non accertato;
4169894;1;09/01/2019 09:15:00;Strada Urbana;VIA DANDOLO;all'intersezione con;VIA NICOLA FABRIZI;VIA NICOLA FABRIZI;;;Scontro frontale/laterale DX fra veicoli in marcia;Incrocio;Una carreggiata a doppio senso;Bagnato (pioggia);Asfaltata;Verticale ed orizzontale;Sereno;Normale;Buona;Ore Diurne;1;0;0;4;12.4664;41.8853;-1;1;Autovettura privata;In marcia / fermata / arresto;Passeggero;F;Illeso;0;;Non accertato;
4169894;1;09/01/2019 09:15:00;Strada Urbana;VIA DANDOLO;all'intersezione con;VIA NICOLA FABRIZI;VIA NICOLA FABRIZI;;;Scontro frontale/laterale DX fra veicoli in marcia;Incrocio;Una carreggiata a doppio senso;Bagnato (pioggia);Asfaltata;Verticale ed orizzontale;Sereno;Normale;Buona;Ore Diurne;1;0;0;4;12.4664;41.8853;-1;2;Autocarro inferiore 35 q.;In marcia / fermata / arresto;Conducente;M;Illeso;0;;Non accertato;
4169894;1;09/01/2019 09:15:00;Strada Urbana;VIA DANDOLO;all'intersezione con;VIA NICOLA FABRIZI;VIA NICOLA FABRIZI;;;Scontro frontale/laterale DX fra veicoli in marcia;Incrocio;Una carreggiata a doppio senso;Bagnato (pioggia);Asfaltata;Verticale ed orizzontale;Sereno;Normale;Buona;Ore Diurne;1;0;0;4;12.4664;41.8853;-1;2;Autocarro inferiore 35 q.;In marcia / fermata / arresto;Passeggero;M;Rifiuta cure immediate;0;NON DECEDUTO;Non accertato;
4169894;1;09/01/2019 09:15:00;Strada Urbana;VIA DANDOLO;all'intersezione con;VIA NICOLA FABRIZI;VIA NICOLA FABRIZI;;;Scontro frontale/laterale DX fra veicoli in marcia;Incrocio;Una carreggiata a doppio senso;Bagnato (pioggia);Asfaltata;Verticale ed orizzontale;Sereno;Normale;Buona;Ore Diurne;1;0;0;4;12.4664;41.8853;-1;3;Autovettura privata;In marcia / fermata / arresto;Conducente;M;Illeso;0;;Non accertato;
4169898;18;09/01/2019 13:30:00;Strada Urbana;CIRCONVALLAZIONE AURELIA;in corrispondenza;;del civico n.;12;;Tamponamento;Curva a visuale libera;Due carreggiate;Asciutto;Asfaltata;Assente;Sereno;Normale;Buona;Ore Diurne;0;0;0;2;12.4276;41.898;-1;1;Autovettura privata;In marcia / fermata / arresto;Conducente;M;Illeso;0;;Non accertato;Inesploso
4169898;18;09/01/2019 13:30:00;Strada Urbana;CIRCONVALLAZIONE AURELIA;in corrispondenza;;del civico n.;12;;Tamponamento;Curva a visuale libera;Due carreggiate;Asciutto;Asfaltata;Assente;Sereno;Normale;Buona;Ore Diurne;0;0;0;2;12.4276;41.898;-1;2;Autovettura privata;In marcia / fermata / arresto;Conducente;F;Illeso;0;;Non accertato;Inesploso
4169934;18;09/01/2019 06:50:00;Strada Urbana;VIA DI ACQUAFREDDA;all'intersezione con;VIA BARBARESCO;VIA BARBARESCO;;;Scontro frontale/laterale DX fra veicoli in marcia;Intersezione non regolata/non segnalata;Una carreggiata a doppio senso;Bagnato (pioggia);Asfaltata;Assente;Pioggia in atto;Normale;Sufficiente;Ore Diurne;0;0;0;2;12.3954;41.8971;-1;1;Autovettura privata;In marcia / fermata / arresto;Conducente;M;Illeso;0;;Non accertato;Inesploso
4169934;18;09/01/2019 06:50:00;Strada Urbana;VIA DI ACQUAFREDDA;all'intersezione con;VIA BARBARESCO;VIA BARBARESCO;;;Scontro frontale/laterale DX fra veicoli in marcia;Intersezione non regolata/non segnalata;Una carreggiata a doppio senso;Bagnato (pioggia);Asfaltata;Assente;Pioggia in atto;Normale;Sufficiente;Ore Diurne;0;0;0;2;12.3954;41.8971;-1;2;Autovettura privata;In marcia / fermata / arresto;Conducente;M;Illeso;0;;Non accertato;Inesploso
4169956;9;09/01/2019 10:00:00;Strada Urbana;LARGO BRINDISI;all'intersezione semaforizzata con;PIAZZALE APPIO;PIAZZALE APPIO;;;Scontro laterale fra veicoli in marcia;Intersezione semaforizzata;Una carreggiata a doppio senso;Bagnato (pioggia);Asfaltata;Verticale ed orizzontale;Nuvoloso;Normale;Sufficiente;Ore Diurne;0;0;0;6;12.5109;41.8854;-1;1;Autovettura privata;In marcia / fermata / arresto;Conducente;M;Illeso;0;;Non accertato;Inesploso
4169956;9;09/01/2019 10:00:00;Strada Urbana;LARGO BRINDISI;all'intersezione semaforizzata con;PIAZZALE APPIO;PIAZZALE APPIO;;;Scontro laterale fra veicoli in marcia;Intersezione semaforizzata;Una carreggiata a doppio senso;Bagnato (pioggia);Asfaltata;Verticale ed orizzontale;Nuvoloso;Normale;Sufficiente;Ore Diurne;0;0;0;6;12.5109;41.8854;-1;1;Autovettura privata;In marcia / fermata / arresto;Passeggero;F;Illeso;0;;Non accertato;Inesploso
4169956;9;09/01/2019 10:00:00;Strada Urbana;LARGO BRINDISI;all'intersezione semaforizzata con;PIAZZALE APPIO;PIAZZALE APPIO;;;Scontro laterale fra veicoli in marcia;Intersezione semaforizzata;Una carreggiata a doppio senso;Bagnato (pioggia);Asfaltata;Verticale ed orizzontale;Nuvoloso;Normale;Sufficiente;Ore Diurne;0;0;0;6;12.5109;41.8854;-1;1;Autovettura privata;In marcia / fermata / arresto;Passeggero;M;Illeso;0;;Non accertato;Inesploso