Protocollo;Gruppo;DataOraIncidente;Localizzazione1;STRADA1;Localizzazione2;STRADA2;Strada02;Chilometrica;DaSpecificare;NaturaIncidente;particolaritastrade;TipoStrada;FondoStradale;Pavimentazione;Segnaletica;CondizioneAtmosferica;Traffico;Visibilita;Illuminazione;NUM_FERITI;NUM_RISERVATA;NUM_MORTI;NUM_ILLESI;Longitudine;Latitudine;Confermato;Progressivo;TipoVeicolo;StatoVeicolo;TipoPersona;Sesso;Tipolesione;Deceduto;DecedutoDopo;CinturaCascoUtilizzato;Airbag;
4175247;15;12/01/2019 14:15:00;Strada Urbana;VIA DELLA MAGLIANA;all'intersezione semaforizzata con;VIA DELL'IMPRUNETA;VIA DELL'IMPRUNETA;;;Investimento di pedone;Incrocio;Una carreggiata a doppio senso;Asciutto;Asfaltata;Verticale ed orizzontale;Sereno;Normale;Buona;Ore Diurne;1;0;0;1;12.4196;41.8317;-1;1;Motociclo a solo;In marcia / fermata / arresto;Conducente;M;Illeso;0;;Utilizzato;
4175260;15;12/01/2019 16:45:00;Strada Urbana;VIA PORTUENSE;da specificare;;;;mt. 500 dopo il civ. 882, direz. Ponte Galeria;Tamponamento;Rettilineo;Una carreggiata a doppio senso;Asciutto;Asfaltata;Orizzontale;Sereno;Normale;Buona;Ore Diurne;1;0;0;2;12.414;41.8469;-1;1;Autovettura privata;In marcia / fermata / arresto;Conducente;M;Rimandato;0;NON DECEDUTO;Non accertato;
4175260;15;12/01/2019 16:45:00;Strada Urbana;VIA PORTUENSE;da specificare;;;;mt. 500 dopo il civ. 882, direz. Ponte Galeria;Tamponamento;Rettilineo;Una carreggiata a doppio senso;Asciutto;Asfaltata;Orizzontale;Sereno;Normale;Buona;Ore Diurne;1;0;0;2;12.414;41.8469;-1;2;Autovettura privata;In marcia / fermata / arresto;Conducente;M;Illeso;0;;Non accertato;Inesploso
4175260;15;12/01/2019 16:45:00;Strada Urbana;VIA PORTUENSE;da specificare;;;;mt. 500 dopo il civ. 882, direz. Ponte Galeria;Tamponamento;Rettilineo;Una carreggiata a doppio senso;Asciutto;Asfaltata;Orizzontale;Sereno;Normale;Buona;Ore Diurne;1;0;0;2;12.414;41.8469;-1;2;Autovettura privata;In marcia / fermata / arresto;Passeggero;F;Illeso;0;;Non accertato;Inesploso
4175261;20;12/01/2019 21:50:00;Strada Urbana;VIA DEI MONTI DI PRIMAVALLE;da specificare;;;;altezza Via F.M. Torrigio;Veicolo in marcia contro veicoli in sosta;Rettilineo;Una carreggiata a doppio senso;Asciutto;Asfaltata;Verticale ed orizzontale;Sereno;Scarso;Buona;Sufficiente;0;0;0;1;12.4136;41.9086;-1;1;Autovettura privata;In marcia / fermata / arresto;Conducente;M;Illeso;0;;Non accertato;Esploso
4175261;20;12/01/2019 21:50:00;Strada Urbana;VIA DEI MONTI DI PRIMAVALLE;da specificare;;;;altezza Via F.M. Torrigio;Veicolo in marcia contro veicoli in sosta;Rettilineo;Una carreggiata a doppio senso;Asciutto;Asfaltata;Verticale ed orizzontale;Sereno;Scarso;Buona;Sufficiente;0;0;0;1;12.4136;41.9086;-1;2;Autovettura privata;Sosta;;;;;;;
4175261;20;12/01/2019 21:50:00;Strada Urbana;VIA DEI MONTI DI PRIMAVALLE;da specificare;;;;altezza Via F.M. Torrigio;Veicolo in marcia contro veicoli in sosta;Rettilineo;Una carreggiata a doppio senso;Asciutto;Asfaltata;Verticale ed orizzontale;Sereno;Scarso;Buona;Sufficiente;0;0;0;1;12.4136;41.9086;-1;3;Autovettura privata;Sosta;;;;;;;
4175269;15;12/01/2019 17:45:00;Strada Urbana;VIA ANTONIO PACINOTTI;in prossimità;;del civico n.;81;;Scontro frontale/laterale SX fra veicoli in marcia;Rettilineo;Una carreggiata a senso unico di marcia;Asciutto;Asfaltata;Verticale ed orizzontale;Sereno;Normale;Buona;Sufficiente;1;0;0;2;12.4704;41.8717;-1;1;Autovettura privata;In marcia / fermata / arresto;Conducente;M;Illeso;0;;Non accertato;Inesploso
4175269;15;12/01/2019 17:45:00;Strada Urbana;VIA ANTONIO PACINOTTI;in prossimità;;del civico n.;81;;Scontro frontale/laterale SX fra veicoli in marcia;Rettilineo;Una carreggiata a senso unico di marcia;Asciutto;Asfaltata;Verticale ed orizzontale;Sereno;Normale;Buona;Sufficiente;1;0;0;2;12.4704;41.8717;-1;1;Autovettura privata;In marcia / fermata / arresto;Passeggero;M;Illeso;0;;Non accertato;Inesploso
4175269;15;12/01/2019 17:45:00;Strada Urbana;VIA ANTONIO PACINOTTI;in prossimità;;del civico n.;81;;Scontro frontale/laterale SX fra veicoli in marcia;Rettilineo;Una carreggiata a senso unico di marcia;Asciutto;Asfaltata;Verticale ed orizzontale;Sereno;Normale;Buona;Sufficiente;1;0;0;2;12.4704;41.8717;-1;2;Motociclo a solo;In marcia / fermata / arresto;Conducente;M;Rimandato;0;NON DECEDUTO;Non accertato;
4175281;15;12/01/2019 20:45:00;Strada Urbana;VIALE SALVATORE REBECCHINI;da specificare;;;;PROSSIMITA' FRONTE CIV. 17 AREA PARCHEGGIO;Veicolo in marcia contro veicolo in sosta;Rettilineo;Una carreggiata a doppio senso;Asciutto;Asfaltata;Orizzontale;Sereno;Normale;Sufficiente;Sufficiente;0;0;0;1;12.4064;41.817;-1;1;Autovettura privata;In marcia / fermata / arresto;Conducente;F;Illeso;0;;;
4175281;15;12/01/2019 20:45:00;Strada Urbana;VIALE SALVATORE REBECCHINI;da specificare;;;;PROSSIMITA' FRONTE CIV. 17 AREA PARCHEGGIO;Veicolo in marcia contro veicolo in sosta;Rettilineo;Una carreggiata a doppio senso;Asciutto;Asfaltata;Orizzontale;Sereno;Normale;Sufficiente;Sufficiente;0;0;0;1;12.4064;41.817;-1;2;Autovettura privata;Sosta;;;;;;;
4175495;15;13/01/2019 11:30:00;Strada Urbana;VIA GUIDO CASTELNUOVO;in corrispondenza;;del civico n.;76;;Veicolo in marcia contro veicolo in sosta;Rettilineo;Una carreggiata a doppio senso;Asciutto;Asfaltata;Assente;Sereno;Scarso;Buona;Ore Diurne;0;0;0;0;12.4745;41.8648;-1;1;Autovettura privata;Sosta;;;;;;;
4175495;15;13/01/2019 11:30:00;Strada Urbana;VIA GUIDO CASTELNUOVO;in corrispondenza;;del civico n.;76;;Veicolo in marcia contro veicolo in sosta;Rettilineo;Una carreggiata a doppio senso;Asciutto;Asfaltata;Assente;Sereno;Scarso;Buona;Ore Diurne;0;0;0;0;12.4745;41.8648;-1;2;Autovettura privata;Sosta;;;;;;;
4175517;6;12/01/2019 14:10:00;Strada Urbana;VIA DI PORTONACCIO;da specificare;;;;in corrispondenza PALO ACEA 122;Scontro laterale fra veicoli in marcia;Rettilineo;Una carreggiata a doppio senso;Asciutto;Asfaltata;Verticale ed orizzontale;Sereno;Normale;Buona;Ore Diurne;1;0;0;1;12.5417;41.8936;-1;1;Quadriciclo leggero;In marcia / fermata / arresto;Conducente;F;Illeso;0;;;
4175517;6;12/01/2019 14:10:00;Strada Urbana;VIA DI PORTONACCIO;da specificare;;;;in corrispondenza PALO ACEA 122;Scontro laterale fra veicoli in marcia;Rettilineo;Una carreggiata a doppio senso;Asciutto;Asfaltata;Verticale ed orizzontale;Sereno;Normale;Buona;Ore Diurne;1;0;0;1;12.5417;41.8936;-1;2;Motociclo a solo;In marcia / fermata / arresto;Conducente;M;Rimandato;0;NON DECEDUTO;;
4175524;6;12/01/2019 22:30:00;Strada Urbana;VIALE TELESE;in corrispondenza;;del civico n.;41;;Veicolo in marcia contro veicolo fermo;Rettilineo;Una carreggiata a doppio senso;Asciutto;Asfaltata;Verticale ed orizzontale;Sereno;Scarso;Buona;Sufficiente;0;0;0;4;12.5488;41.8914;-1;1;Autovettura privata;In marcia / fermata / arresto;Conducente;M;Illeso;0;;;Inesploso
4175524;6;12/01/2019 22:30:00;Strada Urbana;VIALE TELESE;in corrispondenza;;del civico n.;41;;Veicolo in marcia contro veicolo fermo;Rettilineo;Una carreggiata a doppio senso;Asciutto;Asfaltata;Verticale ed orizzontale;Sereno;Scarso;Buona;Sufficiente;0;0;0;4;12.5488;41.8914;-1;2;Motociclo a solo;Sosta;;;;;;;
4175524;6;12/01/2019 22:30:00;Strada Urbana;VIALE TELESE;in corrispondenza;;del civico n.;41;;Veicolo in marcia contro veicolo fermo;Rettilineo;Una carreggiata a doppio senso;Asciutto;Asfaltata;Verticale ed orizzontale;Sereno;Scarso;Buona;Sufficiente;0;0;0;4;12.5488;41.8914;-1;3;Autovettura privata;In marcia / fermata / arresto;Conducente;F;Illeso;0;;;Inesploso
4175524;6;12/01/2019 22:30:00;Strada Urbana;VIALE TELESE;in corrispondenza;;del civico n.;41;;Veicolo in marcia contro veicolo fermo;Rettilineo;Una carreggiata a doppio senso;Asciutto;Asfaltata;Verticale ed orizzontale;Sereno;Scarso;Buona;Sufficiente;0;0;0;4;12.5488;41.8914;-1;3;Autovettura privata;In marcia / fermata / arresto;Passeggero;M;Illeso;0;;;
4175524;6;12/01/2019 22:30:00;Strada Urbana;VIALE TELESE;in corrispondenza;;del civico n.;41;;Veicolo in marcia contro veicolo fermo;Rettilineo;Una carreggiata a doppio senso;Asciutto;Asfaltata;Verticale ed orizzontale;Sereno;Scarso;Buona;Sufficiente;0;0;0;4;12.5488;41.8914;-1;3;Autovettura privata;In marcia / fermata / arresto;Passeggero;M;Illeso;0;;;
4175559;6;13/01/2019 04:20:00;Strada Urbana;VIA GIOVANNI BRANCALEONE;all'intersezione con;VIA BRACCIO DA MONTONE;VIA BRACCIO DA MONTONE;;;Scontro laterale fra veicoli in marcia;Incrocio;Una carreggiata a senso unico di marcia;Asciutto;Asfaltata;Verticale ed orizzontale;Sereno;Scarso;Sufficiente;Sufficiente;0;0;0;3;12.5311;41.8893;-1;1;Autovettura privata;In marcia / fermata / arresto;Conducente;F;Illeso;0;;Non accertato;Inesploso
4175559;6;13/01/2019 04:20:00;Strada Urbana;VIA GIOVANNI BRANCALEONE;all'intersezione con;VIA BRACCIO DA MONTONE;VIA BRACCIO DA MONTONE;;;Scontro laterale fra veicoli in marcia;Incrocio;Una carreggiata a senso unico di marcia;Asciutto;Asfaltata;Verticale ed orizzontale;Sereno;Scarso;Sufficiente;Sufficiente;0;0;0;3;12.5311;41.8893;-1;1;Autovettura privata;In marcia / fermata / arresto;Passeggero;F;Illeso;0;;Non accertato;
4175559;6;13/01/2019 04:20:00;Strada Urbana;VIA GIOVANNI BRANCALEONE;all'intersezione con;VIA BRACCIO DA MONTONE;VIA BRACCIO DA MONTONE;;;Scontro laterale fra veicoli in marcia;Incrocio;Una carreggiata a senso unico di marcia;Asciutto;Asfaltata;Verticale ed orizzontale;Sereno;Scarso;Sufficiente;Sufficiente;0;0;0;3;12.5311;41.8893;-1;2;Autovettura privata;In marcia / fermata / arresto;Conducente;M;Illeso;0;;Non accertato;
4175650;18;12/01/2019 04:30:00;Strada Urbana;VIA GREGORIO VII;in prossimità;;del civico n.;6;;Veicolo in marcia contro veicoli in sosta;Rettilineo;Più di due carreggiate;Asciutto;Asfaltata;Verticale ed orizzontale;Sereno;Scarso;Buona;Sufficiente;3;0;0;1;12.4505;41.8982;-1;1;Autovettura privata;In marcia / fermata / arresto;Conducente;F;Rimandato;0;NON DECEDUTO;;
4175650;18;12/01/2019 04:30:00;Strada Urbana;VIA GREGORIO VII;in prossimità;;del civico n.;6;;Veicolo in marcia contro veicoli in sosta;Rettilineo;Più di due carreggiate;Asciutto;Asfaltata;Verticale ed orizzontale;Sereno;Scarso;Buona;Sufficiente;3;0;0;1;12.4505;41.8982;-1;1;Autovettura privata;In marcia / fermata / arresto;Passeggero;F;Rimandato;0;NON DECEDUTO;;
4175650;18;12/01/2019 04:30:00;Strada Urbana;VIA GREGORIO VII;in prossimità;;del civico n.;6;;Veicolo in marcia contro veicoli in sosta;Rettilineo;Più di due carreggiate;Asciutto;Asfaltata;Verticale ed orizzontale;Sereno;Scarso;Buona;Sufficiente;3;0;0;1;12.4505;41.8982;-1;1;Autovettura privata;In marcia / fermata / arresto;Passeggero;F;Rimandato;0;NON DECEDUTO;;
4175650;18;12/01/2019 04:30:00;Strada Urbana;VIA GREGORIO VII;in prossimità;;del civico n.;6;;Veicolo in marcia contro veicoli in sosta;Rettilineo;Più di due carreggiate;Asciutto;Asfaltata;Verticale ed orizzontale;Sereno;Scarso;Buona;Sufficiente;3;0;0;1;12.4505;41.8982;-1;2;Autocarro inferiore 35 q.;In marcia / fermata / arresto;Conducente;M;Illeso;0;;;
4175650;18;12/01/2019 04:30:00;Strada Urbana;VIA GREGORIO VII;in prossimità;;del civico n.;6;;Veicolo in marcia contro veicoli in sosta;Rettilineo;Più di due carreggiate;Asciutto;Asfaltata;Verticale ed orizzontale;Sereno;Scarso;Buona;Sufficiente;3;0;0;1;12.4505;41.8982;-1;3;Autovettura privata;Sosta;;;;;;;
4175650;18;12/01/2019 04:30:00;Strada Urbana;VIA GREGORIO VII;in prossimità;;del civico n.;6;;Veicolo in marcia contro veicoli in sosta;Rettilineo;Più di due carreggiate;Asciutto;Asfaltata;Verticale ed orizzontale;Sereno;Scarso;Buona;Sufficiente;3;0;0;1;12.4505;41.8982;-1;4;Autovettura privata;Sosta;;;;;;;
4175650;18;12/01/2019 04:30:00;Strada Urbana;VIA GREGORIO VII;in prossimità;;del civico n.;6;;Veicolo in marcia contro veicoli in sosta;Rettilineo;Più di due carreggiate;Asciutto;Asfaltata;Verticale ed orizzontale;Sereno;Scarso;Buona;Sufficiente;3;0;0;1;12.4505;41.8982;-1;5;Autovettura privata;Sosta;;;;;;;
4175738;2;13/01/2019 16:00:00;Strada Urbana;VIA PIER DELLA FRANCESCA;all'intersezione con;VIALE DEL VIGNOLA;VIALE DEL VIGNOLA;;;Scontro frontale/laterale SX fra veicoli in marcia;Intersezione stradale segnalata;Una carreggiata a doppio senso;Asciutto;Asfaltata;Verticale ed orizzontale;Sereno;Scarso;Buona;Ore Diurne;0;0;0;2;12.4639;41.9268;-1;1;Autovettura privata;In marcia / fermata / arresto;Conducente;M;Illeso;0;;Non accertato;Inesistente
4175738;2;13/01/2019 16:00:00;Strada Urbana;VIA PIER DELLA FRANCESCA;all'intersezione con;VIALE DEL VIGNOLA;VIALE DEL VIGNOLA;;;Scontro frontale/laterale SX fra veicoli in marcia;Intersezione stradale segnalata;Una carreggiata a doppio senso;Asciutto;Asfaltata;Verticale ed orizzontale;Sereno;Scarso;Buona;Ore Diurne;0;0;0;2;12.4639;41.9268;-1;2;Autovettura privata;In marcia / fermata / arresto;Conducente;M;Illeso;0;;Non accertato;Inesploso
4175884;15;13/01/2019 19:45:00;Provinciale;VIA PORTUENSE;da specificare;;;;sottopasso RM-FC 150 mt dopo Via Eiffel dir.centro;Veicolo in marcia contro ostacolo accidentale;Rettilineo;Una carreggiata a doppio senso;Asciutto;Con buche;Verticale ed orizzontale;Sereno;Scarso;Insufficiente;Inesistente;0;0;0;2;12.414;41.8469;-1;1;Autovettura privata;In marcia / fermata / arresto;Conducente;M;Illeso;0;;Utilizzato;Inesploso
4175884;15;13/01/2019 19:45:00;Provinciale;VIA PORTUENSE;da specificare;;;;sottopasso RM-FC 150 mt dopo Via Eiffel dir.centro;Veicolo in marcia contro ostacolo accidentale;Rettilineo;Una carreggiata a doppio senso;Asciutto;Con buche;Verticale ed orizzontale;Sereno;Scarso;Insufficiente;Inesistente;0;0;0;2;12.414;41.8469;-1;1;Autovettura privata;In marcia / fermata / arresto;Passeggero;F;Illeso;0;;Utilizzato;Inesploso
4175890;15;13/01/2019 19:58:00;Provinciale;VIA PORTUENSE;da specificare;;;;sottopasso RM-FC 150 mt dopo via Eiffel dir.centro;Veicolo in marcia contro ostacolo accidentale;Rettilineo;Una carreggiata a doppio senso;Asciutto;Asfaltata;Verticale ed orizzontale;Sereno;Normale;Insufficiente;Insufficiente;0;0;0;2;12.414;41.8469;-1;1;Autovettura privata;In marcia / fermata / arresto;Conducente;F;Illeso;0;;Utilizzato;Inesploso
4175890;15;13/01/2019 19:58:00;Provinciale;VIA PORTUENSE;da specificare;;;;sottopasso RM-FC 150 mt dopo via Eiffel dir.centro;Veicolo in marcia contro ostacolo accidentale;Rettilineo;Una carreggiata a doppio senso;Asciutto;Asfaltata;Verticale ed orizzontale;Sereno;Normale;Insufficiente;Insufficiente;0;0;0;2;12.414;41.8469;-1;1;Autovettura privata;In marcia / fermata / arresto;Passeggero;M;Illeso;0;;Utilizzato;Inesploso
4175945;9;12/01/2019 12:30:00;Strada Urbana;PIAZZA CESARE BARONIO;da specificare;;;;in prossimità VIA CESARE BARONIO;Scontro laterale fra veicoli in marcia;Rettilineo;Due carreggiate;Asciutto;Asfaltata;Verticale ed orizzontale;Sereno;Scarso;Buona;Ore Diurne;0;0;0;2;12.5202;41.8729;-1;1;Autovettura privata;In marcia / fermata / arresto;Conducente;M;Illeso;0;;Non accertato;Inesploso
4175945;9;12/01/2019 12:30:00;Strada Urbana;PIAZZA CESARE BARONIO;da specificare;;;;in prossimità VIA CESARE BARONIO;Scontro laterale fra veicoli in marcia;Rettilineo;Due carreggiate;Asciutto;Asfaltata;Verticale ed orizzontale;Sereno;Scarso;Buona;Ore Diurne;0;0;0;2;12.5202;41.8729;-1;2;Autovettura privata;In marcia / fermata / arresto;Conducente;M;Illeso;0;;Non accertato;Inesploso
4175946;9;12/01/2019 14:30:00;Strada Urbana;VIA APPIA NUOVA;in prossimità;;del civico n.;361;;Veicolo in marcia contro veicoli in sosta;Rettilineo;Più di due carreggiate;Asciutto;Asfaltata;Verticale ed orizzontale;Sereno;Normale;Buona;Ore Diurne;0;0;0;1;12.5223;41.8756;-1;1;Autovettura privata;In marcia / fermata / arresto;Conducente;M;Illeso;0;;Non accertato;Inesploso
4175946;9;12/01/2019 14:30:00;Strada Urbana;VIA APPIA NUOVA;in prossimità;;del civico n.;361;;Veicolo in marcia contro veicoli in sosta;Rettilineo;Più di due carreggiate;Asciutto;Asfaltata;Verticale ed orizzontale;Sereno;Normale;Buona;Ore Diurne;0;0;0;1;12.5223;41.8756;-1;2;Autovettura privata;Sosta;;;;;;;
4175946;9;12/01/2019 14:30:00;Strada Urbana;VIA APPIA NUOVA;in prossimità;;del civico n.;361;;Veicolo in marcia contro veicoli in sosta;Rettilineo;Più di due carreggiate;Asciutto;Asfaltata;Verticale ed orizzontale;Sereno;Normale;Buona;Ore Diurne;0;0;0;1;12.5223;41.8756;-1;3;Autovettura privata;Sosta;;;;;;;
4175946;9;12/01/2019 14:30:00;Strada Urbana;VIA APPIA NUOVA;in prossimità;;del civico n.;361;;Veicolo in marcia contro veicoli in sosta;Rettilineo;Più di due carreggiate;Asciutto;Asfaltata;Verticale ed orizzontale;Sereno;Normale;Buona;Ore Diurne;0;0;0;1;12.5223;41.8756;-1;4;Autovettura privata;Sosta;;;;;;;
4175946;9;12/01/2019 14:30:00;Strada Urbana;VIA APPIA NUOVA;in prossimità;;del civico n.;361;;Veicolo in marcia contro veicoli in sosta;Rettilineo;Più di due carreggiate;Asciutto;Asfaltata;Verticale ed orizzontale;Sereno;Normale;Buona;Ore Diurne;0;0;0;1;12.5223;41.8756;-1;5;Autovettura privata;Sosta;;;;;;;
4175948;9;12/01/2019 18:25:00;Strada Urbana;VIA MONSELICE;in prossimità;;del civico n.;1/B;;Scontro laterale fra veicoli in marcia;Rettilineo;Una carreggiata a doppio senso;Asciutto;Asfaltata;Orizzontale;Sereno;Normale;Buona;Sufficiente;0;0;0;2;12.5221;41.8799;-1;1;Autovettura privata;In marcia / fermata / arresto;Conducente;M;Illeso;0;;Non accertato;Inesploso
4175948;9;12/01/2019 18:25:00;Strada Urbana;VIA MONSELICE;in prossimità;;del civico n.;1/B;;Scontro laterale fra veicoli in marcia;Rettilineo;Una carreggiata a doppio senso;Asciutto;Asfaltata;Orizzontale;Sereno;Normale;Buona;Sufficiente;0;0;0;2;12.5221;41.8799;-1;2;Autovettura privata;In marcia / fermata / arresto;Conducente;M;Illeso;0;;Non accertato;Inesploso
4175949;7;13/01/2019 03:20:00;Strada Urbana;VIA DI TORRE SPACCATA;all'intersezione con;VIA TUSCOLANA;VIA TUSCOLANA;;;Tamponamento;Intersezione semaforizzata;Più di due carreggiate;Asciutto;Asfaltata;Verticale ed orizzontale;Sereno;Scarso;Sufficiente;Sufficiente;1;0;0;3;12.5858;41.8586;-1;1;Autovettura privata;In marcia / fermata / arresto;Conducente;M;Illeso;0;;Non accertato;Inesploso
4175949;7;13/01/2019 03:20:00;Strada Urbana;VIA DI TORRE SPACCATA;all'intersezione con;VIA TUSCOLANA;VIA TUSCOLANA;;;Tamponamento;Intersezione semaforizzata;Più di due carreggiate;Asciutto;Asfaltata;Verticale ed orizzontale;Sereno;Scarso;Sufficiente;Sufficiente;1;0;0;3;12.5858;41.8586;-1;1;Autovettura privata;In marcia / fermata / arresto;Passeggero;F;Illeso;0;;Non accertato;Inesploso
4175949;7;13/01/2019 03:20:00;Strada Urbana;VIA DI TORRE SPACCATA;all'intersezione con;VIA TUSCOLANA;VIA TUSCOLANA;;;Tamponamento;Intersezione semaforizzata;Più di due carreggiate;Asciutto;Asfaltata;Verticale ed orizzontale;Sereno;Scarso;Sufficiente;Sufficiente;1;0;0;3;12.5858;41.8586;-1;1;Autovettura privata;In marcia / fermata / arresto;Passeggero;M;Rimandato;0;NON DECEDUTO;Non accertato;Inesploso
4175949;7;13/01/2019 03:20:00;Strada Urbana;VIA DI TORRE SPACCATA;all'intersezione con;VIA TUSCOLANA;VIA TUSCOLANA;;;Tamponamento;Intersezione semaforizzata;Più di due carreggiate;Asciutto;Asfaltata;Verticale ed orizzontale;Sereno;Scarso;Sufficiente;Sufficiente;1;0;0;3;12.5858;41.8586;-1;2;Autovettura privata;In marcia / fermata / arresto;Conducente;M;Illeso;0;;Non accertato;Inesploso
4175951;9;12/01/2019 20:00:00;Strada Urbana;VIA DI PORTA FURBA;all'intersezione semaforizzata con;VIA TUSCOLANA;VIA TUSCOLANA;;;Scontro laterale fra veicoli in marcia;Intersezione semaforizzata;Due carreggiate;Asciutto;Asfaltata;Verticale ed orizzontale;Sereno;Normale;Sufficiente;Sufficiente;0;0;0;2;12.541;41.8724;-1;1;Autovettura privata;In marcia / fermata / arresto;Conducente;M;Illeso;0;;Non accertato;Inesploso
4175951;9;12/01/2019 20:00:00;Strada Urbana;VIA DI PORTA FURBA;all'intersezione semaforizzata con;VIA TUSCOLANA;VIA TUSCOLANA;;;Scontro laterale fra veicoli in marcia;Intersezione semaforizzata;Due carreggiate;Asciutto;Asfaltata;Verticale ed orizzontale;Sereno;Normale;Sufficiente;Sufficiente;0;0;0;2;12.541;41.8724;-1;2;Autovettura privata;In marcia / fermata / arresto;Conducente;M;Illeso;0;;;
4175958;9;13/01/2019 19:40:00;Strada Urbana;VIA APPIA NUOVA;da specificare;;;;prossimità KM 14.400;Tamponamento Multiplo;Rettilineo;Due carreggiate;Asciutto;Asfaltata;Verticale ed orizzontale;Sereno;Normale;Insufficiente;Insufficiente;0;0;0;6;12.5784;41.8068;-1;1;Autovettura privata;In marcia / fermata / arresto;Conducente;F;Illeso;0;;Non accertato;Inesploso
4175958;9;13/01/2019 19:40:00;Strada Urbana;VIA APPIA NUOVA;da specificare;;;;prossimità KM 14.400;Tamponamento Multiplo;Rettilineo;Due carreggiate;Asciutto;Asfaltata;Verticale ed orizzontale;Sereno;Normale;Insufficiente;Insufficiente;0;0;0;6;12.5784;41.8068;-1;1;Autovettura privata;In marcia / fermata / arresto;Passeggero;M;Illeso;0;;Non accertato;Inesploso
4175958;9;13/01/2019 19:40:00;Strada Urbana;VIA APPIA NUOVA;da specificare;;;;prossimità KM 14.400;Tamponamento Multiplo;Rettilineo;Due carreggiate;Asciutto;Asfaltata;Verticale ed orizzontale;Sereno;Normale;Insufficiente;Insufficiente;0;0;0;6;12.5784;41.8068;-1;2;Autovettura privata;In marcia / fermata / arresto;Conducente;F;Illeso;0;;Non accertato;Inesploso
4175958;9;13/01/2019 19:40:00;Strada Urbana;VIA APPIA NUOVA;da specificare;;;;prossimità KM 14.400;Tamponamento Multiplo;Rettilineo;Due carreggiate;Asciutto;Asfaltata;Verticale ed orizzontale;Sereno;Normale;Insufficiente;Insufficiente;0;0;0;6;12.5784;41.8068;-1;3;Autovettura privata;In marcia / fermata / arresto;Conducente;M;Illeso;0;;Non accertato;Inesploso
4175958;9;13/01/2019 19:40:00;Strada Urbana;VIA APPIA NUOVA;da specificare;;;;prossimità KM 14.400;Tamponamento Multiplo;Rettilineo;Due carreggiate;Asciutto;Asfaltata;Verticale ed orizzontale;Sereno;Normale;Insufficiente;Insufficiente;0;0;0;6;12.5784;41.8068;-1;3;Autovettura privata;In marcia / fermata / arresto;Passeggero;F;Illeso;0;;Non accertato;Inesploso
4175958;9;13/01/2019 19:40:00;Strada Urbana;VIA APPIA NUOVA;da specificare;;;;prossimità KM 14.400;Tamponamento Multiplo;Rettilineo;Due carreggiate;Asciutto;Asfaltata;Verticale ed orizzontale;Sereno;Normale;Insufficiente;Insufficiente;0;0;0;6;12.5784;41.8068;-1;3;Autovettura privata;In marcia / fermata / arresto;Passeggero;M;Illeso;0;;Non accertato;Inesploso
4175961;11;12/01/2019 12:50:00;Strada Urbana;VIA CRISTOFORO COLOMBO;da specificare;;;;f.c. 267;Tamponamento Multiplo;Rettilineo;Più di due carreggiate;Asciutto;Asfaltata;Verticale ed orizzontale;Sereno;Normale;Buona;Ore Diurne;1;0;0;6;12.4121;41.786;-1;1;Autovettura privata;In marcia / fermata / arresto;Conducente;F;Illeso;0;;Non accertato;
4175961;11;12/01/2019 12:50:00;Strada Urbana;VIA CRISTOFORO COLOMBO;da specificare;;;;f.c. 267;Tamponamento Multiplo;Rettilineo;Più di due carreggiate;Asciutto;Asfaltata;Verticale ed orizzontale;Sereno;Normale;Buona;Ore Diurne;1;0;0;6;12.4121;41.786;-1;1;Autovettura privata;In marcia / fermata / arresto;Passeggero;F;Illeso;0;;Non accertato;
4175961;11;12/01/2019 12:50:00;Strada Urbana;VIA CRISTOFORO COLOMBO;da specificare;;;;f.c. 267;Tamponamento Multiplo;Rettilineo;Più di due carreggiate;Asciutto;Asfaltata;Verticale ed orizzontale;Sereno;Normale;Buona;Ore Diurne;1;0;0;6;12.4121;41.786;-1;1;Autovettura privata;In marcia / fermata / arresto;Passeggero;F;Illeso;0;;Non accertato;
4175961;11;12/01/2019 12:50:00;Strada Urbana;VIA CRISTOFORO COLOMBO;da specificare;;;;f.c. 267;Tamponamento Multiplo;Rettilineo;Più di due carreggiate;Asciutto;Asfaltata;Verticale ed orizzontale;Sereno;Normale;Buona;Ore Diurne;1;0;0;6;12.4121;41.786;-1;1;Autovettura privata;In marcia / fermata / arresto;Passeggero;M;Illeso;0;;Non accertato;
4175961;11;12/01/2019 12:50:00;Strada Urbana;VIA CRISTOFORO COLOMBO;da specificare;;;;f.c. 267;Tamponamento Multiplo;Rettilineo;Più di due carreggiate;Asciutto;Asfaltata;Verticale ed orizzontale;Sereno;Normale;Buona;Ore Diurne;1;0;0;6;12.4121;41.786;-1;2;Autovettura privata;In marcia / fermata / arresto;Conducente;F;Rimandato;0;NON DECEDUTO;Non accertato;
4175961;11;12/01/2019 12:50:00;Strada Urbana;VIA CRISTOFORO COLOMBO;da specificare;;;;f.c. 267;Tamponamento Multiplo;Rettilineo;Più di due carreggiate;Asciutto;Asfaltata;Verticale ed orizzontale;Sereno;Normale;Buona;Ore Diurne;1;0;0;6;12.4121;41.786;-1;3;Autovettura privata;In marcia / fermata / arresto;Conducente;M;Illeso;0;;Non accertato;