Protocollo;Gruppo;DataOraIncidente;Localizzazione1;STRADA1;Localizzazione2;STRADA2;Strada02;Chilometrica;DaSpecificare;NaturaIncidente;particolaritastrade;TipoStrada;FondoStradale;Pavimentazione;Segnaletica;CondizioneAtmosferica;Traffico;Visibilita;Illuminazione;NUM_FERITI;NUM_RISERVATA;NUM_MORTI;NUM_ILLESI;Longitudine;Latitudine;Confermato;Progressivo;TipoVeicolo;StatoVeicolo;TipoPersona;Sesso;Tipolesione;Deceduto;DecedutoDopo;CinturaCascoUtilizzato;Airbag;
4188784;7;21/01/2019 19:30:00;Strada Urbana;VIA DI TOR SAPIENZA;in corrispondenza;;del civico n.;181;;Veicolo in marcia contro ostacolo fisso;Rettilineo;Una carreggiata a doppio senso;Bagnato (pioggia);Asfaltata;Orizzontale;Pioggia in atto;Normale;Sufficiente;Sufficiente;0;0;0;1;12.592;41.896;-1;1;Autovettura privata;In marcia / fermata / arresto;Conducente;M;Illeso;0;;Non accertato;Inesploso
4188786;13;21/01/2019 17:41:00;Strada Urbana;VIA TANCREDI CHIARALUCE;in prossimità;;del civico n.;107;;Veicolo in marcia contro ostacolo accidentale;Rettilineo;Una carreggiata a doppio senso;Bagnato (pioggia);Con buche;Assente;Pioggia in atto;Normale;Buona;Sufficiente;0;0;0;1;12.2643;41.7452;-1;1;Autovettura pubblica;In marcia / fermata / arresto;Conducente;F;Illeso;0;;Non accertato;Inesploso
4188787;6;21/01/2019 18:35:00;Strada Urbana;VIA DEGLI ANGELI;all'intersezione con;VIA CAMILLO MANFRONI;VIA CAMILLO MANFRONI;;;Scontro frontale/laterale SX fra veicoli in marcia;Incrocio;Una carreggiata a doppio senso;Bagnato (pioggia);Asfaltata;Verticale ed orizzontale;Pioggia in atto;Normale;Buona;Sufficiente;0;0;0;2;12.5461;41.8725;-1;1;Autovettura privata;In marcia / fermata / arresto;Conducente;F;Illeso;0;;;
4188787;6;21/01/2019 18:35:00;Strada Urbana;VIA DEGLI ANGELI;all'intersezione con;VIA CAMILLO MANFRONI;VIA CAMILLO MANFRONI;;;Scontro frontale/laterale SX fra veicoli in marcia;Incrocio;Una carreggiata a doppio senso;Bagnato (pioggia);Asfaltata;Verticale ed orizzontale;Pioggia in atto;Normale;Buona;Sufficiente;0;0;0;2;12.5461;41.8725;-1;2;Autovettura privata;In marcia / fermata / arresto;Conducente;M;Illeso;0;;;
4188790;8;21/01/2019 13:30:00;Strada Urbana;VIA URZULEI;all'intersezione con;VIA BALLAO;VIA BALLAO;;;Scontro frontale/laterale SX fra veicoli in marcia;Incrocio;Una carreggiata a senso unico di marcia;Bagnato (pioggia);Asfaltata;Verticale;Nuvoloso;Scarso;Buona;Ore Diurne;0;0;0;2;12.6961;41.8821;-1;1;Autovettura privata;In marcia / fermata / arresto;Conducente;M;Illeso;0;;;
4188790;8;21/01/2019 13:30:00;Strada Urbana;VIA URZULEI;all'intersezione con;VIA BALLAO;VIA BALLAO;;;Scontro frontale/laterale SX fra veicoli in marcia;Incrocio;Una carreggiata a senso unico di marcia;Bagnato (pioggia);Asfaltata;Verticale;Nuvoloso;Scarso;Buona;Ore Diurne;0;0;0;2;12.6961;41.8821;-1;2;Autovettura privata;In marcia / fermata / arresto;Conducente;M;Illeso;0;;;
4188791;13;21/01/2019 18:37:00;Strada Urbana;VIALE DEI ROMAGNOLI;da specificare;;;;alt. km. 24.700 della via del Mare;Veicolo in marcia contro ostacolo accidentale;Rettilineo;Una carreggiata a senso unico di marcia;Bagnato (pioggia);Con buche;Assente;Pioggia in atto;Normale;Buona;Inesistente;0;0;0;1;12.3224;41.7691;-1;1;Autovettura privata;In marcia / fermata / arresto;Conducente;M;Illeso;0;;Non accertato;Inesploso
4188793;13;21/01/2019 16:30:00;Strada Urbana;VIA TANCREDI CHIARALUCE;in prossimità;;del civico n.;107;;Veicolo in marcia contro ostacolo accidentale;Rettilineo;Una carreggiata a doppio senso;Bagnato (pioggia);Con buche;Assente;Pioggia in atto;Normale;Buona;Ore Diurne;0;0;0;1;12.2643;41.7452;-1;1;Autovettura privata;In marcia / fermata / arresto;Conducente;M;Illeso;0;;Non accertato;Inesploso
4188794;13;21/01/2019 18:00:00;Strada Urbana;VIA TANCREDI CHIARALUCE;in prossimità;;del civico n.;107;;Veicolo in marcia contro ostacolo accidentale;Rettilineo;Una carreggiata a doppio senso;Bagnato (pioggia);Asfaltata;Assente;Pioggia in atto;Normale;Insufficiente;Insufficiente;0;0;0;3;12.2643;41.7452;-1;1;Autovettura privata;In marcia / fermata / arresto;Conducente;F;Illeso;0;;Non accertato;Inesploso
4188794;13;21/01/2019 18:00:00;Strada Urbana;VIA TANCREDI CHIARALUCE;in prossimità;;del civico n.;107;;Veicolo in marcia contro ostacolo accidentale;Rettilineo;Una carreggiata a doppio senso;Bagnato (pioggia);Asfaltata;Assente;Pioggia in atto;Normale;Insufficiente;Insufficiente;0;0;0;3;12.2643;41.7452;-1;1;Autovettura privata;In marcia / fermata / arresto;Passeggero;F;Illeso;0;;Non accertato;Inesploso
4188794;13;21/01/2019 18:00:00;Strada Urbana;VIA TANCREDI CHIARALUCE;in prossimità;;del civico n.;107;;Veicolo in marcia contro ostacolo accidentale;Rettilineo;Una carreggiata a doppio senso;Bagnato (pioggia);Asfaltata;Assente;Pioggia in atto;Normale;Insufficiente;Insufficiente;0;0;0;3;12.2643;41.7452;-1;1;Autovettura privata;In marcia / fermata / arresto;Passeggero;F;Illeso;0;;Non accertato;Inesploso
4188798;8;21/01/2019 14:30:00;Strada Urbana;VIALE FRANCESCO CALTAGIRONE;in corrispondenza;;del civico n.;448;;Scontro frontale/laterale DX fra veicoli in marcia;Rettilineo;Due carreggiate;Bagnato (pioggia);Asfaltata;Verticale ed orizzontale;Pioggia in atto;Normale;Buona;Ore Diurne;1;0;0;4;12.6534;41.9114;-1;1;Autovettura privata;In marcia / fermata / arresto;Conducente;M;Rifiuta cure immediate;0;NON DECEDUTO;Non accertato;
4188798;8;21/01/2019 14:30:00;Strada Urbana;VIALE FRANCESCO CALTAGIRONE;in corrispondenza;;del civico n.;448;;Scontro frontale/laterale DX fra veicoli in marcia;Rettilineo;Due carreggiate;Bagnato (pioggia);Asfaltata;Verticale ed orizzontale;Pioggia in atto;Normale;Buona;Ore Diurne;1;0;0;4;12.6534;41.9114;-1;1;Autovettura privata;In marcia / fermata / arresto;Passeggero;F;Illeso;0;;;
4188798;8;21/01/2019 14:30:00;Strada Urbana;VIALE FRANCESCO CALTAGIRONE;in corrispondenza;;del civico n.;448;;Scontro frontale/laterale DX fra veicoli in marcia;Rettilineo;Due carreggiate;Bagnato (pioggia);Asfaltata;Verticale ed orizzontale;Pioggia in atto;Normale;Buona;Ore Diurne;1;0;0;4;12.6534;41.9114;-1;1;Autovettura privata;In marcia / fermata / arresto;Passeggero;F;Illeso;0;;Non accertato;Inesploso
4188798;8;21/01/2019 14:30:00;Strada Urbana;VIALE FRANCESCO CALTAGIRONE;in corrispondenza;;del civico n.;448;;Scontro frontale/laterale DX fra veicoli in marcia;Rettilineo;Due carreggiate;Bagnato (pioggia);Asfaltata;Verticale ed orizzontale;Pioggia in atto;Normale;Buona;Ore Diurne;1;0;0;4;12.6534;41.9114;-1;1;Autovettura privata;In marcia / fermata / arresto;Passeggero;M;Illeso;0;;Non accertato;
4188798;8;21/01/2019 14:30:00;Strada Urbana;VIALE FRANCESCO CALTAGIRONE;in corrispondenza;;del civico n.;448;;Scontro frontale/laterale DX fra veicoli in marcia;Rettilineo;Due carreggiate;Bagnato (pioggia);Asfaltata;Verticale ed orizzontale;Pioggia in atto;Normale;Buona;Ore Diurne;1;0;0;4;12.6534;41.9114;-1;2;Autovettura privata;In marcia / fermata / arresto;Conducente;M;Illeso;0;;Non accertato;
4188799;13;21/01/2019 18:40:00;Strada Urbana;VIALE DEI ROMAGNOLI;da specificare;;;;alt. km. 24.700 v del mare;Veicolo in marcia contro ostacolo accidentale;Rettilineo;Una carreggiata a senso unico di marcia;Bagnato (pioggia);Con buche;Assente;Pioggia in atto;Normale;Insufficiente;Inesistente;0;0;0;1;12.3224;41.7691;-1;1;Autovettura privata;In marcia / fermata / arresto;Conducente;M;Illeso;0;;;
4188802;8;21/01/2019 16:45:00;Strada Urbana;VIA CARPINONE;all'intersezione con;VIA ACQUAVIVA D'ISERNIA;VIA ACQUAVIVA D'ISERNIA;;;Scontro frontale/laterale DX fra veicoli in marcia;Incrocio;Una carreggiata a doppio senso;Bagnato (pioggia);Asfaltata;Assente;Pioggia in atto;Intenso;Insufficiente;Sufficiente;1;0;0;4;12.6709;41.9167;-1;1;Autovettura privata;In marcia / fermata / arresto;Conducente;M;Rifiuta cure immediate;0;NON DECEDUTO;Non accertato;
4188802;8;21/01/2019 16:45:00;Strada Urbana;VIA CARPINONE;all'intersezione con;VIA ACQUAVIVA D'ISERNIA;VIA ACQUAVIVA D'ISERNIA;;;Scontro frontale/laterale DX fra veicoli in marcia;Incrocio;Una carreggiata a doppio senso;Bagnato (pioggia);Asfaltata;Assente;Pioggia in atto;Intenso;Insufficiente;Sufficiente;1;0;0;4;12.6709;41.9167;-1;2;Autovettura privata;In marcia / fermata / arresto;Conducente;M;Illeso;0;;Non accertato;
4188802;8;21/01/2019 16:45:00;Strada Urbana;VIA CARPINONE;all'intersezione con;VIA ACQUAVIVA D'ISERNIA;VIA ACQUAVIVA D'ISERNIA;;;Scontro frontale/laterale DX fra veicoli in marcia;Incrocio;Una carreggiata a doppio senso;Bagnato (pioggia);Asfaltata;Assente;Pioggia in atto;Intenso;Insufficiente;Sufficiente;1;0;0;4;12.6709;41.9167;-1;2;Autovettura privata;In marcia / fermata / arresto;Passeggero;F;Illeso;0;;Non accertato;
4188802;8;21/01/2019 16:45:00;Strada Urbana;VIA CARPINONE;all'intersezione con;VIA ACQUAVIVA D'ISERNIA;VIA ACQUAVIVA D'ISERNIA;;;Scontro frontale/laterale DX fra veicoli in marcia;Incrocio;Una carreggiata a doppio senso;Bagnato (pioggia);Asfaltata;Assente;Pioggia in atto;Intenso;Insufficiente;Sufficiente;1;0;0;4;12.6709;41.9167;-1;2;Autovettura privata;In marcia / fermata / arresto;Passeggero;F;Illeso;0;;Non accertato;
4188802;8;21/01/2019 16:45:00;Strada Urbana;VIA CARPINONE;all'intersezione con;VIA ACQUAVIVA D'ISERNIA;VIA ACQUAVIVA D'ISERNIA;;;Scontro frontale/laterale DX fra veicoli in marcia;Incrocio;Una carreggiata a doppio senso;Bagnato (pioggia);Asfaltata;Assente;Pioggia in atto;Intenso;Insufficiente;Sufficiente;1;0;0;4;12.6709;41.9167;-1;2;Autovettura privata;In marcia / fermata / arresto;Passeggero;M;Illeso;0;;Non accertato;
4188804;18;21/01/2019 14:10:00;Comunale extraurbana;VIA DI ACQUAFREDDA;da specificare;;;;IN PROX FERMATA ACQUAFREDDA GARESSIO 2;Veicolo in marcia contro veicolo fermo;Rettilineo;Una carreggiata a doppio senso;Bagnato (pioggia);Asfaltata;Verticale ed orizzontale;Pioggia in atto;Normale;Buona;Ore Diurne;1;0;0;2;12.3956;41.8939;-1;1;Autovettura privata;In marcia / fermata / arresto;Conducente;M;Illeso;0;;;
4188804;18;21/01/2019 14:10:00;Comunale extraurbana;VIA DI ACQUAFREDDA;da specificare;;;;IN PROX FERMATA ACQUAFREDDA GARESSIO 2;Veicolo in marcia contro veicolo fermo;Rettilineo;Una carreggiata a doppio senso;Bagnato (pioggia);Asfaltata;Verticale ed orizzontale;Pioggia in atto;Normale;Buona;Ore Diurne;1;0;0;2;12.3956;41.8939;-1;2;Veicolo speciale;In marcia / fermata / arresto;Conducente;M;Illeso;0;;;
4188804;18;21/01/2019 14:10:00;Comunale extraurbana;VIA DI ACQUAFREDDA;da specificare;;;;IN PROX FERMATA ACQUAFREDDA GARESSIO 2;Veicolo in marcia contro veicolo fermo;Rettilineo;Una carreggiata a doppio senso;Bagnato (pioggia);Asfaltata;Verticale ed orizzontale;Pioggia in atto;Normale;Buona;Ore Diurne;1;0;0;2;12.3956;41.8939;-1;2;Veicolo speciale;In marcia / fermata / arresto;Passeggero;F;Rimandato;0;NON DECEDUTO;;
4188805;5;21/01/2019 11:15:00;Strada Urbana;VIA ALFONSO TORELLI;da specificare;;;;FRONTE VIA PETTINENGO;Investimento di pedone;Rettilineo;Una carreggiata a doppio senso;Bagnato (pioggia);Asfaltata;Verticale ed orizzontale;Pioggia in atto;Normale;Buona;Ore Diurne;1;0;0;1;12.539;41.8999;-1;;;;Pedone;M;Rimandato;0;NON DECEDUTO;;
4188805;5;21/01/2019 11:15:00;Strada Urbana;VIA ALFONSO TORELLI;da specificare;;;;FRONTE VIA PETTINENGO;Investimento di pedone;Rettilineo;Una carreggiata a doppio senso;Bagnato (pioggia);Asfaltata;Verticale ed orizzontale;Pioggia in atto;Normale;Buona;Ore Diurne;1;0;0;1;12.539;41.8999;-1;1;Autovettura privata;In marcia / fermata / arresto;Conducente;M;Illeso;0;;Non accertato;Inesploso
4188808;8;21/01/2019 18:50:00;Strada Urbana;VIA COLLATINA;da specificare;;;;300 m prima cavalcavia G.R.A.;Veicolo in marcia contro ostacolo accidentale;Curva senza visuale libera;Una carreggiata a doppio senso;Bagnato (pioggia);Con buche;Assente;Pioggia in atto;Normale;Insufficiente;Inesistente;0;0;0;1;12.6108;41.9059;-1;1;Autovettura privata;In marcia / fermata / arresto;Conducente;M;Illeso;0;;Non accertato;Inesploso
4188809;8;21/01/2019 20:45:00;Strada Urbana;VIA SICULIANA;all'intersezione con;VIA ACI CATENA;VIA ACI CATENA;;;Scontro frontale/laterale DX fra veicoli in marcia;Incrocio;Una carreggiata a doppio senso;Bagnato (pioggia);Asfaltata;Verticale;Pioggia in atto;Normale;Sufficiente;Sufficiente;2;0;0;0;12.6511;41.8754;-1;1;Autovettura privata;In marcia / fermata / arresto;Conducente;F;Rimandato;0;NON DECEDUTO;;
4188809;8;21/01/2019 20:45:00;Strada Urbana;VIA SICULIANA;all'intersezione con;VIA ACI CATENA;VIA ACI CATENA;;;Scontro frontale/laterale DX fra veicoli in marcia;Incrocio;Una carreggiata a doppio senso;Bagnato (pioggia);Asfaltata;Verticale;Pioggia in atto;Normale;Sufficiente;Sufficiente;2;0;0;0;12.6511;41.8754;-1;2;Autovettura privata;In marcia / fermata / arresto;Conducente;M;Rifiuta cure immediate;0;NON DECEDUTO;;Esploso
4188810;10;22/01/2019 07:20:00;Statale entro l'abitato;VIA APPIA NUOVA;in prossimità;;del civico n.;1270;;Scontro laterale fra veicoli in marcia;Rettilineo;Una carreggiata a senso unico di marcia;Bagnato (pioggia);Asfaltata;Orizzontale;Pioggia in atto;Intenso;Buona;Ore Diurne;1;0;0;2;12.5664;41.8193;-1;1;Autovettura privata;In marcia / fermata / arresto;Conducente;M;Illeso;0;;Non accertato;Inesploso
4188810;10;22/01/2019 07:20:00;Statale entro l'abitato;VIA APPIA NUOVA;in prossimità;;del civico n.;1270;;Scontro laterale fra veicoli in marcia;Rettilineo;Una carreggiata a senso unico di marcia;Bagnato (pioggia);Asfaltata;Orizzontale;Pioggia in atto;Intenso;Buona;Ore Diurne;1;0;0;2;12.5664;41.8193;-1;2;Autovettura privata;In marcia / fermata / arresto;Conducente;M;Illeso;0;;Non accertato;Inesploso
4188810;10;22/01/2019 07:20:00;Statale entro l'abitato;VIA APPIA NUOVA;in prossimità;;del civico n.;1270;;Scontro laterale fra veicoli in marcia;Rettilineo;Una carreggiata a senso unico di marcia;Bagnato (pioggia);Asfaltata;Orizzontale;Pioggia in atto;Intenso;Buona;Ore Diurne;1;0;0;2;12.5664;41.8193;-1;3;Motociclo a solo;In marcia / fermata / arresto;Conducente;F;Rimandato;0;NON DECEDUTO;Non accertato;
4188812;5;21/01/2019 11:20:00;Strada Urbana;VIA TIBURTINA;da specificare;;;;DIREZIONE TIVOLI DOPO RAMPA GRA DIR. FIRENZE;Scontro laterale fra veicoli in marcia;Rettilineo;Una carreggiata a doppio senso;Bagnato (pioggia);Asfaltata;Verticale ed orizzontale;Nuvoloso;Normale;Buona;Ore Diurne;0;0;0;2;12.6004;41.9332;-1;1;Autovettura privata;In marcia / fermata / arresto;Conducente;F;Illeso;0;;Non accertato;Inesploso
4188812;5;21/01/2019 11:20:00;Strada Urbana;VIA TIBURTINA;da specificare;;;;DIREZIONE TIVOLI DOPO RAMPA GRA DIR. FIRENZE;Scontro laterale fra veicoli in marcia;Rettilineo;Una carreggiata a doppio senso;Bagnato (pioggia);Asfaltata;Verticale ed orizzontale;Nuvoloso;Normale;Buona;Ore Diurne;0;0;0;2;12.6004;41.9332;-1;2;Trattore stradale;In marcia / fermata / arresto;Conducente;M;Illeso;0;;Non accertato;Inesploso
4188813;7;21/01/2019 19:15:00;Strada Urbana;VIA DEI CASTANI;in corrispondenza;;del civico n.;91;;Investimento di pedone;Rettilineo;Una carreggiata a doppio senso;Bagnato (pioggia);Asfaltata;Verticale ed orizzontale;Sereno;Normale;Sufficiente;Sufficiente;0;0;0;2;12.5664;41.8807;-1;;;;Pedone;M;Illeso;0;;;
4188813;7;21/01/2019 19:15:00;Strada Urbana;VIA DEI CASTANI;in corrispondenza;;del civico n.;91;;Investimento di pedone;Rettilineo;Una carreggiata a doppio senso;Bagnato (pioggia);Asfaltata;Verticale ed orizzontale;Sereno;Normale;Sufficiente;Sufficiente;0;0;0;2;12.5664;41.8807;-1;1;Autovettura privata;In marcia / fermata / arresto;Conducente;M;Illeso;0;;Non accertato;Inesploso
4188815;13;21/01/2019 17:00:00;Strada Urbana;VIA TANCREDI CHIARALUCE;in corrispondenza;;del civico n.;107;;Veicolo in marcia contro ostacolo accidentale;Rettilineo;Una carreggiata a doppio senso;Bagnato (pioggia);Con buche;Assente;Pioggia in atto;Normale;Sufficiente;Sufficiente;0;0;0;1;12.2643;41.7452;-1;1;Autovettura privata;In marcia / fermata / arresto;Conducente;M;Illeso;0;;;
4188820;5;21/01/2019 14:10:00;Strada Urbana;VIA ELISEA SAVELLI;all'intersezione con;VIA MASSIMILIANO DI PALOMBARA;VIA MASSIMILIANO DI PALOMBARA;;;Scontro frontale/laterale DX fra veicoli in marcia;Incrocio;Una carreggiata a doppio senso;Bagnato (pioggia);Asfaltata;Verticale ed orizzontale;Nuvoloso;Normale;Buona;Ore Diurne;0;0;0;4;12.5977;41.9456;-1;1;Autovettura privata;In marcia / fermata / arresto;Conducente;M;Illeso;0;;Non accertato;Inesploso
4188820;5;21/01/2019 14:10:00;Strada Urbana;VIA ELISEA SAVELLI;all'intersezione con;VIA MASSIMILIANO DI PALOMBARA;VIA MASSIMILIANO DI PALOMBARA;;;Scontro frontale/laterale DX fra veicoli in marcia;Incrocio;Una carreggiata a doppio senso;Bagnato (pioggia);Asfaltata;Verticale ed orizzontale;Nuvoloso;Normale;Buona;Ore Diurne;0;0;0;4;12.5977;41.9456;-1;1;Autovettura privata;In marcia / fermata / arresto;Passeggero;F;Illeso;0;;Non accertato;Inesploso
4188820;5;21/01/2019 14:10:00;Strada Urbana;VIA ELISEA SAVELLI;all'intersezione con;VIA MASSIMILIANO DI PALOMBARA;VIA MASSIMILIANO DI PALOMBARA;;;Scontro frontale/laterale DX fra veicoli in marcia;Incrocio;Una carreggiata a doppio senso;Bagnato (pioggia);Asfaltata;Verticale ed orizzontale;Nuvoloso;Normale;Buona;Ore Diurne;0;0;0;4;12.5977;41.9456;-1;2;Autovettura privata;In marcia / fermata / arresto;Conducente;M;Illeso;0;;Non accertato;Inesploso
4188820;5;21/01/2019 14:10:00;Strada Urbana;VIA ELISEA SAVELLI;all'intersezione con;VIA MASSIMILIANO DI PALOMBARA;VIA MASSIMILIANO DI PALOMBARA;;;Scontro frontale/laterale DX fra veicoli in marcia;Incrocio;Una carreggiata a doppio senso;Bagnato (pioggia);Asfaltata;Verticale ed orizzontale;Nuvoloso;Normale;Buona;Ore Diurne;0;0;0;4;12.5977;41.9456;-1;2;Autovettura privata;In marcia / fermata / arresto;Passeggero;M;Illeso;0;;Non accertato;Inesploso
4188824;17;21/01/2019 07:45:00;Strada Urbana;VIA IGEA;in prossimità;;del civico n.;11;;Ribaltamento senza urto contro ostacolo fisso;Rettilineo;Una carreggiata a doppio senso;Bagnato (pioggia);Asfaltata;Verticale ed orizzontale;Nuvoloso;Normale;Buona;Ore Diurne;0;0;0;2;12.4404;41.9343;-1;1;Autoarticolato;In marcia / fermata / arresto;Conducente;M;Illeso;0;;;
4188824;17;21/01/2019 07:45:00;Strada Urbana;VIA IGEA;in prossimità;;del civico n.;11;;Ribaltamento senza urto contro ostacolo fisso;Rettilineo;Una carreggiata a doppio senso;Bagnato (pioggia);Asfaltata;Verticale ed orizzontale;Nuvoloso;Normale;Buona;Ore Diurne;0;0;0;2;12.4404;41.9343;-1;2;Autocarro inferiore 35 q.;In marcia / fermata / arresto;Conducente;M;Illeso;0;;;
4188828;5;21/01/2019 22:50:00;Strada Urbana;VIA TIBURTINA;da specificare;;;;ALTEZZA CIVICO 1383;Scontro laterale fra veicoli in marcia;Rettilineo;Una carreggiata a senso unico di marcia;Ghiacciato;Asfaltata;Assente;Pioggia in atto;Normale;Sufficiente;Sufficiente;0;0;0;3;12.6229;41.9381;-1;1;Autovettura privata;In marcia / fermata / arresto;Conducente;M;Illeso;0;;Non accertato;
4188828;5;21/01/2019 22:50:00;Strada Urbana;VIA TIBURTINA;da specificare;;;;ALTEZZA CIVICO 1383;Scontro laterale fra veicoli in marcia;Rettilineo;Una carreggiata a senso unico di marcia;Ghiacciato;Asfaltata;Assente;Pioggia in atto;Normale;Sufficiente;Sufficiente;0;0;0;3;12.6229;41.9381;-1;1;Autovettura privata;In marcia / fermata / arresto;Passeggero;F;Illeso;0;;Non accertato;
4188828;5;21/01/2019 22:50:00;Strada Urbana;VIA TIBURTINA;da specificare;;;;ALTEZZA CIVICO 1383;Scontro laterale fra veicoli in marcia;Rettilineo;Una carreggiata a senso unico di marcia;Ghiacciato;Asfaltata;Assente;Pioggia in atto;Normale;Sufficiente;Sufficiente;0;0;0;3;12.6229;41.9381;-1;2;Autovettura privata;In marcia / fermata / arresto;Conducente;M;Illeso;0;;Non accertato;
4188829;20;20/01/2019 07:00:00;Strada Urbana;VIA GUGLIELMO PECORI GIRALDI;in prossimità;;del civico n.;51;;Veicolo in marcia contro ostacolo fisso;Rettilineo;Una carreggiata a doppio senso;Bagnato (umidità in atto);Lastricata;Verticale;Nuvoloso;Scarso;Buona;Ore Diurne;0;0;0;0;12.4494;41.9414;-1;1;Quadriciclo leggero;In marcia / fermata / arresto;;;;;;;
4188833;13;21/01/2019 18:40:00;Strada Urbana;VIALE DEI ROMAGNOLI;da specificare;;;;altezza Km 24,500 Via Del Mare;Veicolo in marcia contro ostacolo accidentale;Rettilineo;Una carreggiata a senso unico di marcia;Bagnato (pioggia);Con buche;Verticale;Pioggia in atto;Normale;Insufficiente;Insufficiente;0;0;0;2;12.3224;41.7691;-1;1;Autovettura privata;In marcia / fermata / arresto;Conducente;M;Illeso;0;;;
4188833;13;21/01/2019 18:40:00;Strada Urbana;VIALE DEI ROMAGNOLI;da specificare;;;;altezza Km 24,500 Via Del Mare;Veicolo in marcia contro ostacolo accidentale;Rettilineo;Una carreggiata a senso unico di marcia;Bagnato (pioggia);Con buche;Verticale;Pioggia in atto;Normale;Insufficiente;Insufficiente;0;0;0;2;12.3224;41.7691;-1;1;Autovettura privata;In marcia / fermata / arresto;Passeggero;F;Illeso;0;;;
4188844;18;21/01/2019 17:45:00;Strada Urbana;VIA GREGORIO VII;da specificare;;;;FRONTE CIVICO 420;Veicolo in marcia contro ostacolo accidentale;Rettilineo;Più di due carreggiate;Bagnato (pioggia);Asfaltata;Verticale ed orizzontale;Pioggia in atto;Normale;Buona;Ore Diurne;1;0;0;0;12.4401;41.8959;-1;1;Autovettura privata;In marcia / fermata / arresto;Conducente;F;Rifiuta cure immediate;0;NON DECEDUTO;;
4188845;13;21/01/2019 13:15:00;Strada Urbana;LARGO GIOVANNI RONCAGLI;all'intersezione con;VIA CESARE LAURENTI;VIA CESARE LAURENTI;;;Scontro frontale/laterale SX fra veicoli in marcia;Intersezione non regolata/non segnalata;Una carreggiata a senso unico di marcia;Bagnato (pioggia);Asfaltata;Verticale ed orizzontale;Nuvoloso;Normale;Buona;Ore Diurne;0;0;0;2;12.2841;41.7338;-1;1;Autovettura privata;In marcia / fermata / arresto;Conducente;F;Illeso;0;;Non accertato;Inesploso
4188845;13;21/01/2019 13:15:00;Strada Urbana;LARGO GIOVANNI RONCAGLI;all'intersezione con;VIA CESARE LAURENTI;VIA CESARE LAURENTI;;;Scontro frontale/laterale SX fra veicoli in marcia;Intersezione non regolata/non segnalata;Una carreggiata a senso unico di marcia;Bagnato (pioggia);Asfaltata;Verticale ed orizzontale;Nuvoloso;Normale;Buona;Ore Diurne;0;0;0;2;12.2841;41.7338;-1;2;Autovettura privata;In marcia / fermata / arresto;Conducente;M;Illeso;0;;;
4188849;17;21/01/2019 22:35:00;Strada Urbana;VIA PAOLO EMILIO;in corrispondenza;;del civico n.;12;;Veicolo in marcia contro veicoli in sosta;Rettilineo;Una carreggiata a senso unico di marcia;Bagnato (pioggia);Asfaltata;Verticale ed orizzontale;Pioggia in atto;Scarso;Buona;Sufficiente;0;0;0;0;12.4639;41.908;-1;1;Motociclo a solo;Sosta;;;;;;;
4188849;17;21/01/2019 22:35:00;Strada Urbana;VIA PAOLO EMILIO;in corrispondenza;;del civico n.;12;;Veicolo in marcia contro veicoli in sosta;Rettilineo;Una carreggiata a senso unico di marcia;Bagnato (pioggia);Asfaltata;Verticale ed orizzontale;Pioggia in atto;Scarso;Buona;Sufficiente;0;0;0;0;12.4639;41.908;-1;2;Autovettura privata;Sosta;;;;;;;
4188849;17;21/01/2019 22:35:00;Strada Urbana;VIA PAOLO EMILIO;in corrispondenza;;del civico n.;12;;Veicolo in marcia contro veicoli in sosta;Rettilineo;Una carreggiata a senso unico di marcia;Bagnato (pioggia);Asfaltata;Verticale ed orizzontale;Pioggia in atto;Scarso;Buona;Sufficiente;0;0;0;0;12.4639;41.908;-1;3;Autovettura privata;Sosta;;;;;;;
4188853;13;21/01/2019 14:30:00;Strada Urbana;VIA FRANCESCO DONATI;all'intersezione con;VIA GIOVANNI DELLA PENNA;VIA GIOVANNI DELLA PENNA;;;Scontro frontale/laterale DX fra veicoli in marcia;Incrocio;Una carreggiata a senso unico di marcia;Bagnato (pioggia);Asfaltata;Assente;Pioggia in atto;Normale;Buona;Ore Diurne;0;0;0;2;12.34;41.7825;-1;1;Autovettura privata;In marcia / fermata / arresto;Conducente;M;Illeso;0;;Non accertato;Inesploso
4188853;13;21/01/2019 14:30:00;Strada Urbana;VIA FRANCESCO DONATI;all'intersezione con;VIA GIOVANNI DELLA PENNA;VIA GIOVANNI DELLA PENNA;;;Scontro frontale/laterale DX fra veicoli in marcia;Incrocio;Una carreggiata a senso unico di marcia;Bagnato (pioggia);Asfaltata;Assente;Pioggia in atto;Normale;Buona;Ore Diurne;0;0;0;2;12.34;41.7825;-1;2;Autovettura privata;In marcia / fermata / arresto;Conducente;F;Illeso;0;;Non accertato;Inesploso
4188854;18;21/01/2019 18:20:00;Strada Urbana;VIA GREGORIO VII;da specificare;;;;FRONTE CIVICO 420;Veicolo in marcia contro ostacolo accidentale;Rettilineo;Più di due carreggiate;Bagnato (pioggia);Asfaltata;Verticale ed orizzontale;Pioggia in atto;Normale;Sufficiente;Sufficiente;0;0;0;2;12.4401;41.8959;-1;1;Autovettura privata;In marcia / fermata / arresto;Conducente;M;Illeso;0;;;
4188854;18;21/01/2019 18:20:00;Strada Urbana;VIA GREGORIO VII;da specificare;;;;FRONTE CIVICO 420;Veicolo in marcia contro ostacolo accidentale;Rettilineo;Più di due carreggiate;Bagnato (pioggia);Asfaltata;Verticale ed orizzontale;Pioggia in atto;Normale;Sufficiente;Sufficiente;0;0;0;2;12.4401;41.8959;-1;1;Autovettura privata;In marcia / fermata / arresto;Passeggero;M;Illeso;0;;;