Protocollo;Gruppo;DataOraIncidente;Localizzazione1;STRADA1;Localizzazione2;STRADA2;Strada02;Chilometrica;DaSpecificare;NaturaIncidente;particolaritastrade;TipoStrada;FondoStradale;Pavimentazione;Segnaletica;CondizioneAtmosferica;Traffico;Visibilita;Illuminazione;NUM_FERITI;NUM_RISERVATA;NUM_MORTI;NUM_ILLESI;Longitudine;Latitudine;Confermato;Progressivo;TipoVeicolo;StatoVeicolo;TipoPersona;Sesso;Tipolesione;Deceduto;DecedutoDopo;CinturaCascoUtilizzato;Airbag;
4194481;19;24/01/2019 15:45:00;Strada Urbana;VIA DELLA PINETA SACCHETTI;da specificare;;;;fronte civico 436;Investimento di pedone;Rettilineo;Una carreggiata a senso unico di marcia;Asciutto;Asfaltata;Verticale ed orizzontale;Nuvoloso;Intenso;Buona;Ore Diurne;1;0;0;1;12.425;41.924;-1;;;;Pedone;F;Rimandato;0;NON DECEDUTO;;
4194481;19;24/01/2019 15:45:00;Strada Urbana;VIA DELLA PINETA SACCHETTI;da specificare;;;;fronte civico 436;Investimento di pedone;Rettilineo;Una carreggiata a senso unico di marcia;Asciutto;Asfaltata;Verticale ed orizzontale;Nuvoloso;Intenso;Buona;Ore Diurne;1;0;0;1;12.425;41.924;-1;1;Autovettura privata;In marcia / fermata / arresto;Conducente;M;Illeso;0;;;
4194485;13;24/01/2019 08:50:00;Provinciale;VIA OSTIENSE;da specificare;;;;pross. km. 19.400 v. del mare;Veicolo in marcia contro ostacolo accidentale;Rettilineo;Una carreggiata a doppio senso;Bagnato (pioggia);Con buche;Verticale ed orizzontale;Nuvoloso;Normale;Buona;Ore Diurne;0;0;0;1;12.4229;41.8109;-1;1;Autovettura privata;In marcia / fermata / arresto;Conducente;F;Illeso;0;;;
4194486;19;24/01/2019 19:15:00;Strada Urbana;VIA DI CASAL DEL MARMO;in prossimità;;del civico n.;200;;Veicolo in marcia contro ostacolo accidentale;Rettilineo;Una carreggiata a doppio senso;Asciutto;Con buche;Orizzontale;Nuvoloso;Normale;Insufficiente;Insufficiente;0;0;0;1;12.4015;41.9543;-1;1;Autovettura privata;In marcia / fermata / arresto;Conducente;M;Illeso;0;;Non accertato;Inesploso
4194487;5;24/01/2019 12:30:00;Strada Urbana;VIA DAMETA;in corrispondenza;;del civico n.;60;;Scontro frontale/laterale SX fra veicoli in marcia;Rettilineo;Una carreggiata a doppio senso;Bagnato (umidità in atto);Asfaltata;Verticale;Nuvoloso;Normale;Buona;Ore Diurne;1;0;0;0;12.6054;41.9187;-1;1;Motociclo a solo;In marcia / fermata / arresto;Conducente;M;Rimandato;0;NON DECEDUTO;Non accertato;
4194496;8;24/01/2019 05:00:00;Strada Urbana;VIA SAN MICHELE DI GANZARIA;all'intersezione con;VIA SANT'ALFIO;VIA SANT'ALFIO;;;Scontro frontale/laterale SX fra veicoli in marcia;Incrocio;Una carreggiata a doppio senso;Bagnato (umidità in atto);Asfaltata;Verticale;Nuvoloso;Scarso;Sufficiente;Sufficiente;2;0;0;0;12.6488;41.8757;-1;1;Autovettura privata;In marcia / fermata / arresto;Conducente;M;Ricoverato;0;NON DECEDUTO;;
4194496;8;24/01/2019 05:00:00;Strada Urbana;VIA SAN MICHELE DI GANZARIA;all'intersezione con;VIA SANT'ALFIO;VIA SANT'ALFIO;;;Scontro frontale/laterale SX fra veicoli in marcia;Incrocio;Una carreggiata a doppio senso;Bagnato (umidità in atto);Asfaltata;Verticale;Nuvoloso;Scarso;Sufficiente;Sufficiente;2;0;0;0;12.6488;41.8757;-1;1;Autovettura privata;In marcia / fermata / arresto;Passeggero;M;Ricoverato;0;NON DECEDUTO;Non accertato;Esploso
4194496;8;24/01/2019 05:00:00;Strada Urbana;VIA SAN MICHELE DI GANZARIA;all'intersezione con;VIA SANT'ALFIO;VIA SANT'ALFIO;;;Scontro frontale/laterale SX fra veicoli in marcia;Incrocio;Una carreggiata a doppio senso;Bagnato (umidità in atto);Asfaltata;Verticale;Nuvoloso;Scarso;Sufficiente;Sufficiente;2;0;0;0;12.6488;41.8757;-1;2;Autocarro inferiore 35 q.;In marcia / fermata / arresto;;;;;;;
4194497;13;24/01/2019 09:45:00;Provinciale;VIA OSTIENSE;da specificare;;;;pross.km. 19.400 v. del mare;Veicolo in marcia contro ostacolo accidentale;Rettilineo;Una carreggiata a doppio senso;Bagnato (pioggia);Con buche;Verticale ed orizzontale;Nuvoloso;Normale;Buona;Ore Diurne;0;0;0;1;12.4229;41.8109;-1;1;Autovettura privata;In marcia / fermata / arresto;Conducente;M;Illeso;0;;Non accertato;Inesploso
4194498;20;24/01/2019 19:40:00;Strada Urbana;VIA DEI DUE PONTI;in corrispondenza;;del civico n.;177;;Veicolo in marcia contro veicolo in sosta;Curva a visuale libera;Una carreggiata a doppio senso;Asciutto;Asfaltata;Orizzontale;Sereno;Normale;Buona;Sufficiente;0;0;0;1;12.4591;41.9647;-1;1;Autovettura privata;In marcia / fermata / arresto;Conducente;M;Illeso;0;;Non accertato;
4194498;20;24/01/2019 19:40:00;Strada Urbana;VIA DEI DUE PONTI;in corrispondenza;;del civico n.;177;;Veicolo in marcia contro veicolo in sosta;Curva a visuale libera;Una carreggiata a doppio senso;Asciutto;Asfaltata;Orizzontale;Sereno;Normale;Buona;Sufficiente;0;0;0;1;12.4591;41.9647;-1;2;Autovettura privata;Sosta;;;;;;;
4194501;5;24/01/2019 20:00:00;Strada Urbana;VIA FILIPPO FIORENTINI;da specificare;;;;altezza civico 44 (scuola);Veicolo in marcia contro ostacolo accidentale;Rettilineo;Due carreggiate;Asciutto;Con buche;Verticale ed orizzontale;Sereno;Normale;Sufficiente;Sufficiente;0;0;0;1;12.5555;41.9095;-1;1;Motociclo a solo;In marcia / fermata / arresto;Conducente;M;Illeso;0;;Non accertato;
4194502;8;24/01/2019 07:10:00;Strada Urbana;VIA POLENSE;in prossimità;;del civico n.;406;;Veicolo in marcia contro veicolo arresto;Pendenza;Una carreggiata a doppio senso;Bagnato (pioggia);Asfaltata;Assente;Nuvoloso;Normale;Buona;Ore Diurne;0;0;0;2;12.7287;41.912;-1;1;Autovettura privata;In marcia / fermata / arresto;Conducente;M;Illeso;0;;Non accertato;Inesploso
4194502;8;24/01/2019 07:10:00;Strada Urbana;VIA POLENSE;in prossimità;;del civico n.;406;;Veicolo in marcia contro veicolo arresto;Pendenza;Una carreggiata a doppio senso;Bagnato (pioggia);Asfaltata;Assente;Nuvoloso;Normale;Buona;Ore Diurne;0;0;0;2;12.7287;41.912;-1;2;Autovettura privata;In marcia / fermata / arresto;Conducente;M;Illeso;0;;Non accertato;Inesploso
4194507;13;24/01/2019 12:00:00;Strada Urbana;VIA DI MACCHIA PALOCCO;all'intersezione con;VIA PADRE MASSARUTI;VIA PADRE MASSARUTI;;;Scontro frontale/laterale SX fra veicoli in marcia;Incrocio;Una carreggiata a doppio senso;Bagnato (pioggia);Asfaltata;Verticale ed orizzontale;Nuvoloso;Normale;Buona;Ore Diurne;2;0;0;1;12.3416;41.7656;-1;1;Autovettura privata;In marcia / fermata / arresto;Conducente;M;Illeso;0;;;
4194507;13;24/01/2019 12:00:00;Strada Urbana;VIA DI MACCHIA PALOCCO;all'intersezione con;VIA PADRE MASSARUTI;VIA PADRE MASSARUTI;;;Scontro frontale/laterale SX fra veicoli in marcia;Incrocio;Una carreggiata a doppio senso;Bagnato (pioggia);Asfaltata;Verticale ed orizzontale;Nuvoloso;Normale;Buona;Ore Diurne;2;0;0;1;12.3416;41.7656;-1;1;Autovettura privata;In marcia / fermata / arresto;Passeggero;F;Rimandato;0;NON DECEDUTO;;
4194507;13;24/01/2019 12:00:00;Strada Urbana;VIA DI MACCHIA PALOCCO;all'intersezione con;VIA PADRE MASSARUTI;VIA PADRE MASSARUTI;;;Scontro frontale/laterale SX fra veicoli in marcia;Incrocio;Una carreggiata a doppio senso;Bagnato (pioggia);Asfaltata;Verticale ed orizzontale;Nuvoloso;Normale;Buona;Ore Diurne;2;0;0;1;12.3416;41.7656;-1;2;Autovettura privata;In marcia / fermata / arresto;Conducente;F;Rimandato;0;NON DECEDUTO;;
4194509;20;24/01/2019 06:15:00;Regionale entro l'abitato;VIA FLAMINIA NUOVA;da specificare;;;;fronte Centro Rai dir. centro;Veicolo in marcia contro ostacolo accidentale;Rettilineo;Due carreggiate;Asciutto;Asfaltata;Verticale ed orizzontale;Sereno;Intenso;Buona;Sufficiente;0;0;0;1;12.4934;41.9818;-1;1;Autovettura privata;In marcia / fermata / arresto;Conducente;M;Illeso;0;;;
4194522;5;24/01/2019 22:45:00;Strada Urbana;VIA FABRIANO;all'intersezione con;VIA MUCCIA;VIA MUCCIA;;;Scontro frontale/laterale SX fra veicoli in marcia;Incrocio;Una carreggiata a doppio senso;Asciutto;Asfaltata;Verticale;Sereno;Scarso;Buona;Sufficiente;3;0;0;0;12.5856;41.9418;-1;1;Autovettura privata;In marcia / fermata / arresto;Conducente;M;Rimandato;0;NON DECEDUTO;Non accertato;
4194522;5;24/01/2019 22:45:00;Strada Urbana;VIA FABRIANO;all'intersezione con;VIA MUCCIA;VIA MUCCIA;;;Scontro frontale/laterale SX fra veicoli in marcia;Incrocio;Una carreggiata a doppio senso;Asciutto;Asfaltata;Verticale;Sereno;Scarso;Buona;Sufficiente;3;0;0;0;12.5856;41.9418;-1;2;Autovettura privata;In marcia / fermata / arresto;Conducente;F;Ricoverato;0;NON DECEDUTO;Non accertato;
4194522;5;24/01/2019 22:45:00;Strada Urbana;VIA FABRIANO;all'intersezione con;VIA MUCCIA;VIA MUCCIA;;;Scontro frontale/laterale SX fra veicoli in marcia;Incrocio;Una carreggiata a doppio senso;Asciutto;Asfaltata;Verticale;Sereno;Scarso;Buona;Sufficiente;3;0;0;0;12.5856;41.9418;-1;2;Autovettura privata;In marcia / fermata / arresto;Passeggero;F;Rimandato;0;NON DECEDUTO;Non accertato;
4194522;5;24/01/2019 22:45:00;Strada Urbana;VIA FABRIANO;all'intersezione con;VIA MUCCIA;VIA MUCCIA;;;Scontro frontale/laterale SX fra veicoli in marcia;Incrocio;Una carreggiata a doppio senso;Asciutto;Asfaltata;Verticale;Sereno;Scarso;Buona;Sufficiente;3;0;0;0;12.5856;41.9418;-1;3;Autovettura privata;Sosta;;;;;;;
4194522;5;24/01/2019 22:45:00;Strada Urbana;VIA FABRIANO;all'intersezione con;VIA MUCCIA;VIA MUCCIA;;;Scontro frontale/laterale SX fra veicoli in marcia;Incrocio;Una carreggiata a doppio senso;Asciutto;Asfaltata;Verticale;Sereno;Scarso;Buona;Sufficiente;3;0;0;0;12.5856;41.9418;-1;4;Autovettura privata;Sosta;;;;;;;
4194546;13;24/01/2019 13:00:00;Strada Urbana;VIALE PRASSILLA;da specificare;;;;fronte "le terrazze" dir. via di casal palocco;Tamponamento;Rettilineo;Due carreggiate;Bagnato (pioggia);Asfaltata;Verticale ed orizzontale;Pioggia in atto;Normale;Buona;Ore Diurne;0;0;0;3;12.3571;41.7523;-1;1;Autovettura privata;In marcia / fermata / arresto;Conducente;F;Illeso;0;;Non accertato;Inesploso
4194546;13;24/01/2019 13:00:00;Strada Urbana;VIALE PRASSILLA;da specificare;;;;fronte "le terrazze" dir. via di casal palocco;Tamponamento;Rettilineo;Due carreggiate;Bagnato (pioggia);Asfaltata;Verticale ed orizzontale;Pioggia in atto;Normale;Buona;Ore Diurne;0;0;0;3;12.3571;41.7523;-1;1;Autovettura privata;In marcia / fermata / arresto;Passeggero;F;Illeso;0;;;
4194546;13;24/01/2019 13:00:00;Strada Urbana;VIALE PRASSILLA;da specificare;;;;fronte "le terrazze" dir. via di casal palocco;Tamponamento;Rettilineo;Due carreggiate;Bagnato (pioggia);Asfaltata;Verticale ed orizzontale;Pioggia in atto;Normale;Buona;Ore Diurne;0;0;0;3;12.3571;41.7523;-1;2;Autovettura privata;In marcia / fermata / arresto;Conducente;F;Illeso;0;;;
4194583;13;24/01/2019 15:45:00;Strada Urbana;VIA OSTIENSE;da specificare;;;;prossimità stazione ostia antica;Veicolo in marcia contro ostacolo accidentale;Rettilineo;Una carreggiata a doppio senso;Asciutto;Asfaltata;Verticale ed orizzontale;Sereno;Normale;Buona;Ore Diurne;0;0;0;2;12.4229;41.8109;-1;1;Autovettura privata;In marcia / fermata / arresto;Conducente;F;Illeso;0;;Non accertato;Inesploso
4194583;13;24/01/2019 15:45:00;Strada Urbana;VIA OSTIENSE;da specificare;;;;prossimità stazione ostia antica;Veicolo in marcia contro ostacolo accidentale;Rettilineo;Una carreggiata a doppio senso;Asciutto;Asfaltata;Verticale ed orizzontale;Sereno;Normale;Buona;Ore Diurne;0;0;0;2;12.4229;41.8109;-1;1;Autovettura privata;In marcia / fermata / arresto;Passeggero;M;Illeso;0;;Non accertato;Inesploso
4194584;7;24/01/2019 17:50:00;Strada Urbana;VIALE PALMIRO TOGLIATTI;all'intersezione con;VIA VITTORIO COLOMBO;VIA VITTORIO COLOMBO;;;Scontro frontale/laterale SX fra veicoli in marcia;Intersezione semaforizzata;Due carreggiate;Asciutto;Asfaltata;Verticale ed orizzontale;Nuvoloso;Intenso;Sufficiente;Sufficiente;2;0;0;4;12.5742;41.8986;-1;1;Autovettura privata;In marcia / fermata / arresto;Conducente;M;Illeso;0;;Non accertato;Inesploso
4194584;7;24/01/2019 17:50:00;Strada Urbana;VIALE PALMIRO TOGLIATTI;all'intersezione con;VIA VITTORIO COLOMBO;VIA VITTORIO COLOMBO;;;Scontro frontale/laterale SX fra veicoli in marcia;Intersezione semaforizzata;Due carreggiate;Asciutto;Asfaltata;Verticale ed orizzontale;Nuvoloso;Intenso;Sufficiente;Sufficiente;2;0;0;4;12.5742;41.8986;-1;1;Autovettura privata;In marcia / fermata / arresto;Passeggero;F;Rimandato;0;NON DECEDUTO;Non accertato;Inesploso
4194584;7;24/01/2019 17:50:00;Strada Urbana;VIALE PALMIRO TOGLIATTI;all'intersezione con;VIA VITTORIO COLOMBO;VIA VITTORIO COLOMBO;;;Scontro frontale/laterale SX fra veicoli in marcia;Intersezione semaforizzata;Due carreggiate;Asciutto;Asfaltata;Verticale ed orizzontale;Nuvoloso;Intenso;Sufficiente;Sufficiente;2;0;0;4;12.5742;41.8986;-1;1;Autovettura privata;In marcia / fermata / arresto;Passeggero;F;Rimandato;0;NON DECEDUTO;Non accertato;Inesploso
4194584;7;24/01/2019 17:50:00;Strada Urbana;VIALE PALMIRO TOGLIATTI;all'intersezione con;VIA VITTORIO COLOMBO;VIA VITTORIO COLOMBO;;;Scontro frontale/laterale SX fra veicoli in marcia;Intersezione semaforizzata;Due carreggiate;Asciutto;Asfaltata;Verticale ed orizzontale;Nuvoloso;Intenso;Sufficiente;Sufficiente;2;0;0;4;12.5742;41.8986;-1;1;Autovettura privata;In marcia / fermata / arresto;Passeggero;F;Illeso;0;;Non accertato;Inesploso
4194584;7;24/01/2019 17:50:00;Strada Urbana;VIALE PALMIRO TOGLIATTI;all'intersezione con;VIA VITTORIO COLOMBO;VIA VITTORIO COLOMBO;;;Scontro frontale/laterale SX fra veicoli in marcia;Intersezione semaforizzata;Due carreggiate;Asciutto;Asfaltata;Verticale ed orizzontale;Nuvoloso;Intenso;Sufficiente;Sufficiente;2;0;0;4;12.5742;41.8986;-1;1;Autovettura privata;In marcia / fermata / arresto;Passeggero;F;Illeso;0;;Non accertato;Inesploso
4194584;7;24/01/2019 17:50:00;Strada Urbana;VIALE PALMIRO TOGLIATTI;all'intersezione con;VIA VITTORIO COLOMBO;VIA VITTORIO COLOMBO;;;Scontro frontale/laterale SX fra veicoli in marcia;Intersezione semaforizzata;Due carreggiate;Asciutto;Asfaltata;Verticale ed orizzontale;Nuvoloso;Intenso;Sufficiente;Sufficiente;2;0;0;4;12.5742;41.8986;-1;2;Autovettura privata;In marcia / fermata / arresto;Conducente;F;Illeso;0;;Non accertato;Inesploso
4194591;13;25/01/2019 05:15:00;Strada Urbana;LUNGOMARE PAOLO TOSCANELLI;all'intersezione con;PIAZZA DELLE CARAVELLE;PIAZZA DELLE CARAVELLE;;;Veicolo in marcia contro veicoli in sosta;Intersezione non regolata/non segnalata;Una carreggiata a senso unico di marcia;Asciutto;Asfaltata;Orizzontale;Nuvoloso;Scarso;Sufficiente;Sufficiente;1;0;0;0;12.2749;41.7301;-1;1;Autovettura privata;In marcia / fermata / arresto;Conducente;M;Ricoverato;0;NON DECEDUTO;Non accertato;Esploso
4194591;13;25/01/2019 05:15:00;Strada Urbana;LUNGOMARE PAOLO TOSCANELLI;all'intersezione con;PIAZZA DELLE CARAVELLE;PIAZZA DELLE CARAVELLE;;;Veicolo in marcia contro veicoli in sosta;Intersezione non regolata/non segnalata;Una carreggiata a senso unico di marcia;Asciutto;Asfaltata;Orizzontale;Nuvoloso;Scarso;Sufficiente;Sufficiente;1;0;0;0;12.2749;41.7301;-1;2;Autovettura privata;Sosta;;;;;;;
4194591;13;25/01/2019 05:15:00;Strada Urbana;LUNGOMARE PAOLO TOSCANELLI;all'intersezione con;PIAZZA DELLE CARAVELLE;PIAZZA DELLE CARAVELLE;;;Veicolo in marcia contro veicoli in sosta;Intersezione non regolata/non segnalata;Una carreggiata a senso unico di marcia;Asciutto;Asfaltata;Orizzontale;Nuvoloso;Scarso;Sufficiente;Sufficiente;1;0;0;0;12.2749;41.7301;-1;3;Autovettura privata;Sosta;;;;;;;
4194591;13;25/01/2019 05:15:00;Strada Urbana;LUNGOMARE PAOLO TOSCANELLI;all'intersezione con;PIAZZA DELLE CARAVELLE;PIAZZA DELLE CARAVELLE;;;Veicolo in marcia contro veicoli in sosta;Intersezione non regolata/non segnalata;Una carreggiata a senso unico di marcia;Asciutto;Asfaltata;Orizzontale;Nuvoloso;Scarso;Sufficiente;Sufficiente;1;0;0;0;12.2749;41.7301;-1;4;Autocarro inferiore 35 q.;Sosta;;;;;;;
4194592;4;24/01/2019 20:30:00;Statale entro l'abitato;VIA SALARIA;da specificare;;;;alt km 10.200 direzione rieti;Veicolo in marcia contro ostacolo accidentale;Rettilineo;Due carreggiate;Asciutto;Asfaltata;Orizzontale;Nuvoloso;Normale;Sufficiente;Sufficiente;0;0;0;1;12.6805;42.1556;-1;1;Autovettura privata;In marcia / fermata / arresto;Conducente;M;Illeso;0;;;
4194603;16;24/01/2019 12:30:00;Strada Urbana;VIA LAURA MANTEGAZZA;all'intersezione con;VIA S. VINCENZO DE' PAOLI;VIA S. VINCENZO DE' PAOLI;;;Scontro frontale fra veicoli in marcia;Incrocio;Una carreggiata a senso unico di marcia;Asciutto;Asfaltata;Verticale ed orizzontale;Nuvoloso;Normale;Buona;Ore Diurne;0;0;0;5;12.456;41.8714;-1;1;Autovettura privata;In marcia / fermata / arresto;Conducente;M;Illeso;0;;Non accertato;
4194603;16;24/01/2019 12:30:00;Strada Urbana;VIA LAURA MANTEGAZZA;all'intersezione con;VIA S. VINCENZO DE' PAOLI;VIA S. VINCENZO DE' PAOLI;;;Scontro frontale fra veicoli in marcia;Incrocio;Una carreggiata a senso unico di marcia;Asciutto;Asfaltata;Verticale ed orizzontale;Nuvoloso;Normale;Buona;Ore Diurne;0;0;0;5;12.456;41.8714;-1;1;Autovettura privata;In marcia / fermata / arresto;Passeggero;F;Illeso;0;;Non accertato;
4194603;16;24/01/2019 12:30:00;Strada Urbana;VIA LAURA MANTEGAZZA;all'intersezione con;VIA S. VINCENZO DE' PAOLI;VIA S. VINCENZO DE' PAOLI;;;Scontro frontale fra veicoli in marcia;Incrocio;Una carreggiata a senso unico di marcia;Asciutto;Asfaltata;Verticale ed orizzontale;Nuvoloso;Normale;Buona;Ore Diurne;0;0;0;5;12.456;41.8714;-1;1;Autovettura privata;In marcia / fermata / arresto;Passeggero;F;Illeso;0;;Non accertato;
4194603;16;24/01/2019 12:30:00;Strada Urbana;VIA LAURA MANTEGAZZA;all'intersezione con;VIA S. VINCENZO DE' PAOLI;VIA S. VINCENZO DE' PAOLI;;;Scontro frontale fra veicoli in marcia;Incrocio;Una carreggiata a senso unico di marcia;Asciutto;Asfaltata;Verticale ed orizzontale;Nuvoloso;Normale;Buona;Ore Diurne;0;0;0;5;12.456;41.8714;-1;2;Autovettura privata;In marcia / fermata / arresto;Conducente;F;Illeso;0;;Non accertato;
4194603;16;24/01/2019 12:30:00;Strada Urbana;VIA LAURA MANTEGAZZA;all'intersezione con;VIA S. VINCENZO DE' PAOLI;VIA S. VINCENZO DE' PAOLI;;;Scontro frontale fra veicoli in marcia;Incrocio;Una carreggiata a senso unico di marcia;Asciutto;Asfaltata;Verticale ed orizzontale;Nuvoloso;Normale;Buona;Ore Diurne;0;0;0;5;12.456;41.8714;-1;2;Autovettura privata;In marcia / fermata / arresto;Passeggero;F;Illeso;0;;Non accertato;
4194606;19;25/01/2019 04:05:00;Strada Urbana;VIA TRIONFALE;da specificare;;;;fronte civico 10340;Veicolo in marcia contro ostacolo fisso;Rettilineo;Una carreggiata a doppio senso;Asciutto;Asfaltata;Orizzontale;Nuvoloso;Scarso;Buona;Sufficiente;0;0;0;1;12.4229;41.9409;-1;1;Autovettura privata;In marcia / fermata / arresto;Conducente;M;Illeso;0;;Non accertato;Inesploso
4194621;4;24/01/2019 20:40:00;Statale entro l'abitato;VIA SALARIA;da specificare;;;;ALT KM 10.200 DIR RIETI;Veicolo in marcia contro ostacolo accidentale;Rettilineo;Due carreggiate;Asciutto;Con buche;Orizzontale;Sereno;Normale;Buona;Sufficiente;0;0;0;1;12.6805;42.1556;-1;1;Autovettura privata;In marcia / fermata / arresto;Conducente;F;Illeso;0;;Non accertato;Inesploso
4194632;2;25/01/2019 08:20:00;Strada Urbana;PIAZZA DEI CARRACCI;in corrispondenza;;del civico n.;3;;Veicolo in marcia contro veicolo in sosta;Rotatoria;Una carreggiata a senso unico di marcia;Asciutto;Asfaltata;Orizzontale;Sereno;Normale;Buona;Ore Diurne;0;0;0;1;12.4689;41.9301;-1;1;Autovettura privata;In marcia / fermata / arresto;Conducente;M;Illeso;0;;Non accertato;
4194632;2;25/01/2019 08:20:00;Strada Urbana;PIAZZA DEI CARRACCI;in corrispondenza;;del civico n.;3;;Veicolo in marcia contro veicolo in sosta;Rotatoria;Una carreggiata a senso unico di marcia;Asciutto;Asfaltata;Orizzontale;Sereno;Normale;Buona;Ore Diurne;0;0;0;1;12.4689;41.9301;-1;2;Autovettura privata;Sosta;;;;;;;
4194632;2;25/01/2019 08:20:00;Strada Urbana;PIAZZA DEI CARRACCI;in corrispondenza;;del civico n.;3;;Veicolo in marcia contro veicolo in sosta;Rotatoria;Una carreggiata a senso unico di marcia;Asciutto;Asfaltata;Orizzontale;Sereno;Normale;Buona;Ore Diurne;0;0;0;1;12.4689;41.9301;-1;3;Autovettura privata;Sosta;;;;;;;
4194640;4;24/01/2019 09:00:00;Strada Urbana;VIA MARIO SOLDATI;all'intersezione con;VIA GIORGIO MOSER;VIA GIORGIO MOSER;;;Scontro laterale fra veicoli in marcia;Intersezione stradale segnalata;Una carreggiata a doppio senso;Asciutto;Asfaltata;Verticale ed orizzontale;Nuvoloso;Normale;Buona;Ore Diurne;0;0;0;2;12.5348;41.9698;-1;1;Autovettura privata;In marcia / fermata / arresto;Conducente;M;Illeso;0;;;
4194640;4;24/01/2019 09:00:00;Strada Urbana;VIA MARIO SOLDATI;all'intersezione con;VIA GIORGIO MOSER;VIA GIORGIO MOSER;;;Scontro laterale fra veicoli in marcia;Intersezione stradale segnalata;Una carreggiata a doppio senso;Asciutto;Asfaltata;Verticale ed orizzontale;Nuvoloso;Normale;Buona;Ore Diurne;0;0;0;2;12.5348;41.9698;-1;2;Autovettura privata;In marcia / fermata / arresto;Conducente;M;Illeso;0;;;
4194654;13;24/01/2019 16:10:00;Strada Urbana;VIALE DELLA VITTORIA;all'intersezione con;PIAZZALE MAGELLANO;PIAZZALE MAGELLANO;;;Scontro frontale/laterale DX fra veicoli in marcia;Incrocio;Due carreggiate;Asciutto;Asfaltata;Verticale ed orizzontale;Sereno;Normale;Buona;Ore Diurne;0;0;0;4;12.288;41.7293;-1;1;Autovettura privata;In marcia / fermata / arresto;Conducente;M;Illeso;0;;;
4194654;13;24/01/2019 16:10:00;Strada Urbana;VIALE DELLA VITTORIA;all'intersezione con;PIAZZALE MAGELLANO;PIAZZALE MAGELLANO;;;Scontro frontale/laterale DX fra veicoli in marcia;Incrocio;Due carreggiate;Asciutto;Asfaltata;Verticale ed orizzontale;Sereno;Normale;Buona;Ore Diurne;0;0;0;4;12.288;41.7293;-1;1;Autovettura privata;In marcia / fermata / arresto;Passeggero;M;Illeso;0;;;
4194654;13;24/01/2019 16:10:00;Strada Urbana;VIALE DELLA VITTORIA;all'intersezione con;PIAZZALE MAGELLANO;PIAZZALE MAGELLANO;;;Scontro frontale/laterale DX fra veicoli in marcia;Incrocio;Due carreggiate;Asciutto;Asfaltata;Verticale ed orizzontale;Sereno;Normale;Buona;Ore Diurne;0;0;0;4;12.288;41.7293;-1;2;Autovettura privata;In marcia / fermata / arresto;Conducente;M;Illeso;0;;;
4194654;13;24/01/2019 16:10:00;Strada Urbana;VIALE DELLA VITTORIA;all'intersezione con;PIAZZALE MAGELLANO;PIAZZALE MAGELLANO;;;Scontro frontale/laterale DX fra veicoli in marcia;Incrocio;Due carreggiate;Asciutto;Asfaltata;Verticale ed orizzontale;Sereno;Normale;Buona;Ore Diurne;0;0;0;4;12.288;41.7293;-1;2;Autovettura privata;In marcia / fermata / arresto;Passeggero;M;Illeso;0;;;
4194658;4;24/01/2019 13:55:00;Strada Urbana;VIALE VENTUNO APRILE;in corrispondenza;;del civico n.;99;;Veicolo in marcia contro veicolo in sosta;Rettilineo;Una carreggiata a doppio senso;Asciutto;Asfaltata;Verticale ed orizzontale;Nuvoloso;Normale;Buona;Ore Diurne;0;0;0;1;12.5207;41.9145;-1;1;Autobus di linea;In marcia / fermata / arresto;Conducente;M;Illeso;0;;;
4194658;4;24/01/2019 13:55:00;Strada Urbana;VIALE VENTUNO APRILE;in corrispondenza;;del civico n.;99;;Veicolo in marcia contro veicolo in sosta;Rettilineo;Una carreggiata a doppio senso;Asciutto;Asfaltata;Verticale ed orizzontale;Nuvoloso;Normale;Buona;Ore Diurne;0;0;0;1;12.5207;41.9145;-1;2;Autovettura di polizia;Sosta;;;;;;;
4194663;15;25/01/2019 08:30:00;Strada Urbana;VIA PORTUENSE;in prossimità;;del civico n.;261;;Infortunio per caduta del veicolo;Rettilineo;Una carreggiata a doppio senso;Asciutto;Asfaltata;Orizzontale;Sereno;Intenso;Buona;Ore Diurne;0;1;0;0;12.4649;41.8682;-1;1;Motociclo a solo;In marcia / fermata / arresto;Conducente;M;Prognosi riservata;0;NON DECEDUTO;Non accertato;
4194665;7;24/01/2019 13:20:00;Strada Urbana;VIA CASILINA;in corrispondenza;;del civico n.;712;;Scontro laterale fra veicoli in marcia;Rettilineo;Due carreggiate;Asciutto;Asfaltata;Verticale ed orizzontale;Nuvoloso;Normale;Buona;Ore Diurne;0;0;0;2;12.557;41.8755;-1;1;Autovettura privata;In marcia / fermata / arresto;Conducente;F;Illeso;0;;Non accertato;Inesploso
4194665;7;24/01/2019 13:20:00;Strada Urbana;VIA CASILINA;in corrispondenza;;del civico n.;712;;Scontro laterale fra veicoli in marcia;Rettilineo;Due carreggiate;Asciutto;Asfaltata;Verticale ed orizzontale;Nuvoloso;Normale;Buona;Ore Diurne;0;0;0;2;12.557;41.8755;-1;2;Autovettura privata;In marcia / fermata / arresto;Conducente;M;Illeso;0;;Non accertato;Inesploso
4194689;4;24/01/2019 20:30:00;Statale entro l'abitato;VIA SALARIA;in corrispondenza;;della chilometrica;10.2;;Veicolo in marcia contro ostacolo accidentale;Rettilineo;Due carreggiate;Asciutto;Asfaltata;Orizzontale;Nuvoloso;Normale;Buona;Sufficiente;0;0;0;1;12.6805;42.1556;-1;1;Autovettura privata;In marcia / fermata / arresto;Conducente;F;Illeso;0;;;