Protocollo;Gruppo;DataOraIncidente;Localizzazione1;STRADA1;Localizzazione2;STRADA2;Strada02;Chilometrica;DaSpecificare;NaturaIncidente;particolaritastrade;TipoStrada;FondoStradale;Pavimentazione;Segnaletica;CondizioneAtmosferica;Traffico;Visibilita;Illuminazione;NUM_FERITI;NUM_RISERVATA;NUM_MORTI;NUM_ILLESI;Longitudine;Latitudine;Confermato;Progressivo;TipoVeicolo;StatoVeicolo;TipoPersona;Sesso;Tipolesione;Deceduto;DecedutoDopo;CinturaCascoUtilizzato;Airbag;
4198544;11;27/01/2019 17:00:00;Strada Urbana;VIA GIROLAMO BENZONI;in prossimità;;del civico n.;101;;Veicolo in marcia contro veicoli in sosta;Rettilineo;Una carreggiata a doppio senso;Asciutto;Asfaltata;Assente;Nuvoloso;Scarso;Buona;Ore Diurne;0;0;0;1;12.4844;41.8679;-1;2;Autovettura privata;Sosta;;;;;;;
4198544;11;27/01/2019 17:00:00;Strada Urbana;VIA GIROLAMO BENZONI;in prossimità;;del civico n.;101;;Veicolo in marcia contro veicoli in sosta;Rettilineo;Una carreggiata a doppio senso;Asciutto;Asfaltata;Assente;Nuvoloso;Scarso;Buona;Ore Diurne;0;0;0;1;12.4844;41.8679;-1;3;Autovettura privata;Sosta;;;;;;;
4198544;11;27/01/2019 17:00:00;Strada Urbana;VIA GIROLAMO BENZONI;in prossimità;;del civico n.;101;;Veicolo in marcia contro veicoli in sosta;Rettilineo;Una carreggiata a doppio senso;Asciutto;Asfaltata;Assente;Nuvoloso;Scarso;Buona;Ore Diurne;0;0;0;1;12.4844;41.8679;-1;4;Autovettura privata;Sosta;;;;;;;
4198544;11;27/01/2019 17:00:00;Strada Urbana;VIA GIROLAMO BENZONI;in prossimità;;del civico n.;101;;Veicolo in marcia contro veicoli in sosta;Rettilineo;Una carreggiata a doppio senso;Asciutto;Asfaltata;Assente;Nuvoloso;Scarso;Buona;Ore Diurne;0;0;0;1;12.4844;41.8679;-1;5;Motociclo con passeggero;Sosta;;;;;;;
4198544;11;27/01/2019 17:00:00;Strada Urbana;VIA GIROLAMO BENZONI;in prossimità;;del civico n.;101;;Veicolo in marcia contro veicoli in sosta;Rettilineo;Una carreggiata a doppio senso;Asciutto;Asfaltata;Assente;Nuvoloso;Scarso;Buona;Ore Diurne;0;0;0;1;12.4844;41.8679;-1;6;Motociclo con passeggero;Sosta;;;;;;;
4198544;11;27/01/2019 17:00:00;Strada Urbana;VIA GIROLAMO BENZONI;in prossimità;;del civico n.;101;;Veicolo in marcia contro veicoli in sosta;Rettilineo;Una carreggiata a doppio senso;Asciutto;Asfaltata;Assente;Nuvoloso;Scarso;Buona;Ore Diurne;0;0;0;1;12.4844;41.8679;-1;7;Motociclo con passeggero;Sosta;;;;;;;
4198549;5;27/01/2019 03:10:00;Strada Urbana;VIA DI PORTONACCIO;in prossimità;;del civico n.;222;;Veicolo in marcia contro veicoli in sosta;Rettilineo;Due carreggiate;Asciutto;Asfaltata;Orizzontale;Sereno;Normale;Sufficiente;Sufficiente;0;0;0;0;12.5406;41.8969;-1;1;Autovettura privata;Allontanatosi;;;;;;;
4198549;5;27/01/2019 03:10:00;Strada Urbana;VIA DI PORTONACCIO;in prossimità;;del civico n.;222;;Veicolo in marcia contro veicoli in sosta;Rettilineo;Due carreggiate;Asciutto;Asfaltata;Orizzontale;Sereno;Normale;Sufficiente;Sufficiente;0;0;0;0;12.5406;41.8969;-1;2;Autovettura privata;Sosta;;;;;;;
4198549;5;27/01/2019 03:10:00;Strada Urbana;VIA DI PORTONACCIO;in prossimità;;del civico n.;222;;Veicolo in marcia contro veicoli in sosta;Rettilineo;Due carreggiate;Asciutto;Asfaltata;Orizzontale;Sereno;Normale;Sufficiente;Sufficiente;0;0;0;0;12.5406;41.8969;-1;3;Autovettura privata;Sosta;;;;;;;
4198549;5;27/01/2019 03:10:00;Strada Urbana;VIA DI PORTONACCIO;in prossimità;;del civico n.;222;;Veicolo in marcia contro veicoli in sosta;Rettilineo;Due carreggiate;Asciutto;Asfaltata;Orizzontale;Sereno;Normale;Sufficiente;Sufficiente;0;0;0;0;12.5406;41.8969;-1;4;Autovettura privata;Sosta;;;;;;;
4198550;20;27/01/2019 18:40:00;Regionale;VIA FLAMINIA;in prossimità;;della chilometrica;11;;Tamponamento;Rettilineo;Due carreggiate;Bagnato (umidità in atto);Asfaltata;Verticale ed orizzontale;Nuvoloso;Normale;Buona;Inesistente;2;0;0;1;12.4718;41.9419;-1;1;Autovettura privata;In marcia / fermata / arresto;Conducente;M;Illeso;0;;;
4198550;20;27/01/2019 18:40:00;Regionale;VIA FLAMINIA;in prossimità;;della chilometrica;11;;Tamponamento;Rettilineo;Due carreggiate;Bagnato (umidità in atto);Asfaltata;Verticale ed orizzontale;Nuvoloso;Normale;Buona;Inesistente;2;0;0;1;12.4718;41.9419;-1;2;Autovettura privata;In marcia / fermata / arresto;Conducente;M;Rifiuta cure immediate;0;NON DECEDUTO;Non accertato;
4198550;20;27/01/2019 18:40:00;Regionale;VIA FLAMINIA;in prossimità;;della chilometrica;11;;Tamponamento;Rettilineo;Due carreggiate;Bagnato (umidità in atto);Asfaltata;Verticale ed orizzontale;Nuvoloso;Normale;Buona;Inesistente;2;0;0;1;12.4718;41.9419;-1;2;Autovettura privata;In marcia / fermata / arresto;Passeggero;F;Rifiuta cure immediate;0;NON DECEDUTO;;
4198557;6;28/01/2019 07:55:00;Strada Urbana;VIA PIETRO ROVETTI;all'intersezione con;VIA ORESTE SALOMONE;VIA ORESTE SALOMONE;;;Scontro frontale/laterale SX fra veicoli in marcia;Incrocio;Due carreggiate;Asciutto;Asfaltata;Verticale ed orizzontale;Sereno;Normale;Buona;Ore Diurne;1;0;0;1;12.5448;41.8778;-1;1;Autovettura privata;In marcia / fermata / arresto;Conducente;M;Illeso;0;;Non accertato;Inesploso
4198557;6;28/01/2019 07:55:00;Strada Urbana;VIA PIETRO ROVETTI;all'intersezione con;VIA ORESTE SALOMONE;VIA ORESTE SALOMONE;;;Scontro frontale/laterale SX fra veicoli in marcia;Incrocio;Due carreggiate;Asciutto;Asfaltata;Verticale ed orizzontale;Sereno;Normale;Buona;Ore Diurne;1;0;0;1;12.5448;41.8778;-1;2;Autovettura privata;In marcia / fermata / arresto;Conducente;M;Rifiuta cure immediate;0;NON DECEDUTO;Non accertato;Inesploso
4198569;17;26/01/2019 17:00:00;Strada Urbana;VIA ANGELO EMO;da specificare;;;;altezza civico 69;Scontro frontale/laterale SX fra veicoli in marcia;Curva a visuale libera;Due carreggiate;Asciutto;Asfaltata;Verticale ed orizzontale;Sereno;Normale;Buona;Sufficiente;0;0;0;2;12.4462;41.9044;-1;1;Autovettura privata;In marcia / fermata / arresto;Conducente;M;Illeso;0;;;
4198569;17;26/01/2019 17:00:00;Strada Urbana;VIA ANGELO EMO;da specificare;;;;altezza civico 69;Scontro frontale/laterale SX fra veicoli in marcia;Curva a visuale libera;Due carreggiate;Asciutto;Asfaltata;Verticale ed orizzontale;Sereno;Normale;Buona;Sufficiente;0;0;0;2;12.4462;41.9044;-1;2;Ciclomotore;In marcia / fermata / arresto;Conducente;M;Illeso;0;;;
4198572;12;25/01/2019 18:10:00;Regionale entro l'abitato;VIA CRISTOFORO COLOMBO;in prossimità;;del civico n.;714;;Veicolo in marcia contro ostacolo accidentale;Rettilineo;Una carreggiata a senso unico di marcia;Asciutto;Con buche;Verticale;Sereno;Normale;Buona;Inesistente;0;0;0;1;12.4121;41.786;-1;1;Motociclo a solo;In marcia / fermata / arresto;Conducente;M;Illeso;0;;Utilizzato;
4198582;5;27/01/2019 09:00:00;Strada Urbana;LARGO CAMESENA;in prossimità;;del civico n.;23;;Veicolo in marcia contro veicoli in sosta;Rettilineo;Una carreggiata a senso unico di marcia;Asciutto;Asfaltata;Verticale ed orizzontale;Nuvoloso;Scarso;Buona;Ore Diurne;0;0;0;0;12.5348;41.909;-1;1;Autovettura privata;Allontanatosi;;;;;;;
4198582;5;27/01/2019 09:00:00;Strada Urbana;LARGO CAMESENA;in prossimità;;del civico n.;23;;Veicolo in marcia contro veicoli in sosta;Rettilineo;Una carreggiata a senso unico di marcia;Asciutto;Asfaltata;Verticale ed orizzontale;Nuvoloso;Scarso;Buona;Ore Diurne;0;0;0;0;12.5348;41.909;-1;2;Autovettura privata;Sosta;;;;;;;
4198582;5;27/01/2019 09:00:00;Strada Urbana;LARGO CAMESENA;in prossimità;;del civico n.;23;;Veicolo in marcia contro veicoli in sosta;Rettilineo;Una carreggiata a senso unico di marcia;Asciutto;Asfaltata;Verticale ed orizzontale;Nuvoloso;Scarso;Buona;Ore Diurne;0;0;0;0;12.5348;41.909;-1;3;Autovettura privata;Sosta;;;;;;;
4198582;5;27/01/2019 09:00:00;Strada Urbana;LARGO CAMESENA;in prossimità;;del civico n.;23;;Veicolo in marcia contro veicoli in sosta;Rettilineo;Una carreggiata a senso unico di marcia;Asciutto;Asfaltata;Verticale ed orizzontale;Nuvoloso;Scarso;Buona;Ore Diurne;0;0;0;0;12.5348;41.909;-1;4;Autovettura privata;Sosta;;;;;;;
4198582;5;27/01/2019 09:00:00;Strada Urbana;LARGO CAMESENA;in prossimità;;del civico n.;23;;Veicolo in marcia contro veicoli in sosta;Rettilineo;Una carreggiata a senso unico di marcia;Asciutto;Asfaltata;Verticale ed orizzontale;Nuvoloso;Scarso;Buona;Ore Diurne;0;0;0;0;12.5348;41.909;-1;5;Autovettura privata;Sosta;;;;;;;
4198587;7;28/01/2019 07:20:00;Strada Urbana;VIA RAFFAELE COSTI;in prossimità;;del palo luce n.;33;;Scontro laterale fra veicoli in marcia;Rettilineo;Una carreggiata a doppio senso;Bagnato (pioggia);Asfaltata;Verticale ed orizzontale;Pioggia in atto;Normale;Buona;Ore Diurne;1;0;0;1;12.5969;41.9104;-1;1;Autovettura privata;In marcia / fermata / arresto;Conducente;M;Illeso;0;;Non accertato;Inesploso
4198587;7;28/01/2019 07:20:00;Strada Urbana;VIA RAFFAELE COSTI;in prossimità;;del palo luce n.;33;;Scontro laterale fra veicoli in marcia;Rettilineo;Una carreggiata a doppio senso;Bagnato (pioggia);Asfaltata;Verticale ed orizzontale;Pioggia in atto;Normale;Buona;Ore Diurne;1;0;0;1;12.5969;41.9104;-1;2;Velocipede;In marcia / fermata / arresto;Conducente;M;Rimandato;0;NON DECEDUTO;Esente;
4198602;12;28/01/2019 06:45:00;Provinciale entro l'abitato;VIA ARDEATINA;in prossimità;;della chilometrica;12;;Veicolo in marcia contro ostacolo accidentale;Rettilineo;Una carreggiata a doppio senso;Bagnato (umidità in atto);Con buche;Verticale;Nuvoloso;Scarso;Insufficiente;Insufficiente;0;0;0;1;12.5429;41.7771;-1;1;Autovettura privata;In marcia / fermata / arresto;Conducente;M;Illeso;0;;Utilizzato;Inesploso
4198613;6;26/01/2019 23:20:00;Provinciale entro l'abitato;VIA PRENESTINA;in prossimità;;del civico n.;730;;Tamponamento;Rettilineo;Una carreggiata a doppio senso;Asciutto;Asfaltata;Verticale ed orizzontale;Sereno;Scarso;Buona;Sufficiente;4;0;0;0;;;0;2;Autovettura privata;In marcia / fermata / arresto;Conducente;F;Rimandato;0;NON DECEDUTO;;
4198613;6;26/01/2019 23:20:00;Provinciale entro l'abitato;VIA PRENESTINA;in prossimità;;del civico n.;730;;Tamponamento;Rettilineo;Una carreggiata a doppio senso;Asciutto;Asfaltata;Verticale ed orizzontale;Sereno;Scarso;Buona;Sufficiente;4;0;0;0;;;0;2;Autovettura privata;In marcia / fermata / arresto;Passeggero;F;Rimandato;0;NON DECEDUTO;;
4198613;6;26/01/2019 23:20:00;Provinciale entro l'abitato;VIA PRENESTINA;in prossimità;;del civico n.;730;;Tamponamento;Rettilineo;Una carreggiata a doppio senso;Asciutto;Asfaltata;Verticale ed orizzontale;Sereno;Scarso;Buona;Sufficiente;4;0;0;0;;;0;2;Autovettura privata;In marcia / fermata / arresto;Passeggero;F;Rimandato;0;NON DECEDUTO;;
4198613;6;26/01/2019 23:20:00;Provinciale entro l'abitato;VIA PRENESTINA;in prossimità;;del civico n.;730;;Tamponamento;Rettilineo;Una carreggiata a doppio senso;Asciutto;Asfaltata;Verticale ed orizzontale;Sereno;Scarso;Buona;Sufficiente;4;0;0;0;;;0;2;Autovettura privata;In marcia / fermata / arresto;Passeggero;F;Rimandato;0;NON DECEDUTO;;
4198617;12;27/01/2019 22:25:00;Strada Urbana;VIA CRISTOFORO COLOMBO;da specificare;;;;CORSIA CENTRALE ALT. CIV. 494 ;Tamponamento Multiplo;Rettilineo;Più di due carreggiate;Bagnato (pioggia);Asfaltata;Verticale ed orizzontale;Pioggia in atto;Normale;Buona;Sufficiente;0;0;0;5;12.4734;41.8387;-1;1;Autovettura privata;In marcia / fermata / arresto;Conducente;M;Illeso;0;;Non accertato;Inesploso
4198617;12;27/01/2019 22:25:00;Strada Urbana;VIA CRISTOFORO COLOMBO;da specificare;;;;CORSIA CENTRALE ALT. CIV. 494 ;Tamponamento Multiplo;Rettilineo;Più di due carreggiate;Bagnato (pioggia);Asfaltata;Verticale ed orizzontale;Pioggia in atto;Normale;Buona;Sufficiente;0;0;0;5;12.4734;41.8387;-1;2;Autovettura privata;In marcia / fermata / arresto;Conducente;M;Illeso;0;;Non accertato;Inesploso
4198617;12;27/01/2019 22:25:00;Strada Urbana;VIA CRISTOFORO COLOMBO;da specificare;;;;CORSIA CENTRALE ALT. CIV. 494 ;Tamponamento Multiplo;Rettilineo;Più di due carreggiate;Bagnato (pioggia);Asfaltata;Verticale ed orizzontale;Pioggia in atto;Normale;Buona;Sufficiente;0;0;0;5;12.4734;41.8387;-1;3;Autovettura privata;In marcia / fermata / arresto;Conducente;M;Illeso;0;;Non accertato;Inesploso
4198617;12;27/01/2019 22:25:00;Strada Urbana;VIA CRISTOFORO COLOMBO;da specificare;;;;CORSIA CENTRALE ALT. CIV. 494 ;Tamponamento Multiplo;Rettilineo;Più di due carreggiate;Bagnato (pioggia);Asfaltata;Verticale ed orizzontale;Pioggia in atto;Normale;Buona;Sufficiente;0;0;0;5;12.4734;41.8387;-1;4;Autovettura privata;In marcia / fermata / arresto;Conducente;M;Illeso;0;;Non accertato;Inesploso
4198617;12;27/01/2019 22:25:00;Strada Urbana;VIA CRISTOFORO COLOMBO;da specificare;;;;CORSIA CENTRALE ALT. CIV. 494 ;Tamponamento Multiplo;Rettilineo;Più di due carreggiate;Bagnato (pioggia);Asfaltata;Verticale ed orizzontale;Pioggia in atto;Normale;Buona;Sufficiente;0;0;0;5;12.4734;41.8387;-1;4;Autovettura privata;In marcia / fermata / arresto;Passeggero;M;Illeso;0;;Non accertato;Inesploso
4198619;11;27/01/2019 05:50:00;Strada Urbana;VIA DELLE CONCE;in corrispondenza;;del civico n.;3;;Tamponamento;Rettilineo;Una carreggiata a doppio senso;Asciutto;Asfaltata;Verticale ed orizzontale;Sereno;Scarso;Buona;Sufficiente;0;0;0;3;12.4785;41.8727;-1;1;Autovettura privata;In marcia / fermata / arresto;Conducente;M;Illeso;0;;Non accertato;
4198619;11;27/01/2019 05:50:00;Strada Urbana;VIA DELLE CONCE;in corrispondenza;;del civico n.;3;;Tamponamento;Rettilineo;Una carreggiata a doppio senso;Asciutto;Asfaltata;Verticale ed orizzontale;Sereno;Scarso;Buona;Sufficiente;0;0;0;3;12.4785;41.8727;-1;2;Autovettura privata;In marcia / fermata / arresto;Conducente;M;Illeso;0;;Non accertato;
4198619;11;27/01/2019 05:50:00;Strada Urbana;VIA DELLE CONCE;in corrispondenza;;del civico n.;3;;Tamponamento;Rettilineo;Una carreggiata a doppio senso;Asciutto;Asfaltata;Verticale ed orizzontale;Sereno;Scarso;Buona;Sufficiente;0;0;0;3;12.4785;41.8727;-1;2;Autovettura privata;In marcia / fermata / arresto;Passeggero;M;Illeso;0;;Non accertato;Inesploso
4198631;7;26/01/2019 21:05:00;Strada Urbana;VIA DELIA;in corrispondenza;;del civico n.;56;;Investimento di pedone;Rettilineo;Una carreggiata a senso unico di marcia;Bagnato (pioggia);Asfaltata;Verticale ed orizzontale;Nuvoloso;Scarso;Sufficiente;Sufficiente;1;0;0;0;12.6109;41.9173;-1;;;;Pedone;M;Rimandato;0;NON DECEDUTO;;
4198631;7;26/01/2019 21:05:00;Strada Urbana;VIA DELIA;in corrispondenza;;del civico n.;56;;Investimento di pedone;Rettilineo;Una carreggiata a senso unico di marcia;Bagnato (pioggia);Asfaltata;Verticale ed orizzontale;Nuvoloso;Scarso;Sufficiente;Sufficiente;1;0;0;0;12.6109;41.9173;-1;1;Autovettura privata;Allontanatosi;;;;;;;
4198637;4;26/01/2019 16:00:00;Statale entro l'abitato;VIA SALARIA;all'intersezione semaforizzata con;VIA DI CASTEL GIUBILEO;VIA DI CASTEL GIUBILEO;;;Tamponamento;Intersezione semaforizzata;Due carreggiate;Asciutto;Asfaltata;Verticale ed orizzontale;Sereno;Normale;Buona;Ore Diurne;2;0;0;3;13.0816;42.4174;-1;1;Motociclo con passeggero;In marcia / fermata / arresto;Conducente;M;Rimandato;0;NON DECEDUTO;Non accertato;
4198637;4;26/01/2019 16:00:00;Statale entro l'abitato;VIA SALARIA;all'intersezione semaforizzata con;VIA DI CASTEL GIUBILEO;VIA DI CASTEL GIUBILEO;;;Tamponamento;Intersezione semaforizzata;Due carreggiate;Asciutto;Asfaltata;Verticale ed orizzontale;Sereno;Normale;Buona;Ore Diurne;2;0;0;3;13.0816;42.4174;-1;1;Motociclo con passeggero;In marcia / fermata / arresto;Passeggero;F;Rimandato;0;NON DECEDUTO;Non accertato;
4198637;4;26/01/2019 16:00:00;Statale entro l'abitato;VIA SALARIA;all'intersezione semaforizzata con;VIA DI CASTEL GIUBILEO;VIA DI CASTEL GIUBILEO;;;Tamponamento;Intersezione semaforizzata;Due carreggiate;Asciutto;Asfaltata;Verticale ed orizzontale;Sereno;Normale;Buona;Ore Diurne;2;0;0;3;13.0816;42.4174;-1;2;Autovettura privata;In marcia / fermata / arresto;Conducente;M;Illeso;0;;Non accertato;Inesploso
4198637;4;26/01/2019 16:00:00;Statale entro l'abitato;VIA SALARIA;all'intersezione semaforizzata con;VIA DI CASTEL GIUBILEO;VIA DI CASTEL GIUBILEO;;;Tamponamento;Intersezione semaforizzata;Due carreggiate;Asciutto;Asfaltata;Verticale ed orizzontale;Sereno;Normale;Buona;Ore Diurne;2;0;0;3;13.0816;42.4174;-1;2;Autovettura privata;In marcia / fermata / arresto;Passeggero;F;Illeso;0;;Non accertato;
4198637;4;26/01/2019 16:00:00;Statale entro l'abitato;VIA SALARIA;all'intersezione semaforizzata con;VIA DI CASTEL GIUBILEO;VIA DI CASTEL GIUBILEO;;;Tamponamento;Intersezione semaforizzata;Due carreggiate;Asciutto;Asfaltata;Verticale ed orizzontale;Sereno;Normale;Buona;Ore Diurne;2;0;0;3;13.0816;42.4174;-1;2;Autovettura privata;In marcia / fermata / arresto;Passeggero;M;Illeso;0;;Non accertato;
4198643;4;26/01/2019 11:30:00;Strada Urbana;VIA DELLE ISOLE CURZOLANE;all'intersezione semaforizzata con;VIA MONTE MASSICO;VIA MONTE MASSICO;;;Scontro laterale fra veicoli in marcia;Intersezione semaforizzata;Due carreggiate;Asciutto;Asfaltata;Verticale ed orizzontale;Sereno;Normale;Buona;Ore Diurne;0;0;0;3;12.5269;41.9504;-1;1;Autovettura privata;In marcia / fermata / arresto;Conducente;F;Illeso;0;;Non accertato;Inesploso
4198643;4;26/01/2019 11:30:00;Strada Urbana;VIA DELLE ISOLE CURZOLANE;all'intersezione semaforizzata con;VIA MONTE MASSICO;VIA MONTE MASSICO;;;Scontro laterale fra veicoli in marcia;Intersezione semaforizzata;Due carreggiate;Asciutto;Asfaltata;Verticale ed orizzontale;Sereno;Normale;Buona;Ore Diurne;0;0;0;3;12.5269;41.9504;-1;2;Autovettura privata;In marcia / fermata / arresto;Conducente;M;Illeso;0;;Non accertato;Inesploso
4198643;4;26/01/2019 11:30:00;Strada Urbana;VIA DELLE ISOLE CURZOLANE;all'intersezione semaforizzata con;VIA MONTE MASSICO;VIA MONTE MASSICO;;;Scontro laterale fra veicoli in marcia;Intersezione semaforizzata;Due carreggiate;Asciutto;Asfaltata;Verticale ed orizzontale;Sereno;Normale;Buona;Ore Diurne;0;0;0;3;12.5269;41.9504;-1;2;Autovettura privata;In marcia / fermata / arresto;Passeggero;F;Illeso;0;;Non accertato;Inesploso
4198651;18;25/01/2019 16:30:00;Strada Urbana;VIA DI SELVA CANDIDA;in corrispondenza;;del civico n.;79;;Scontro frontale/laterale DX fra veicoli in marcia;Rettilineo;Una carreggiata a doppio senso;Asciutto;Asfaltata;Verticale ed orizzontale;Sereno;Normale;Buona;Ore Diurne;2;0;0;1;12.3743;41.925;-1;1;Autovettura privata;In marcia / fermata / arresto;Conducente;F;Illeso;0;;;
4198651;18;25/01/2019 16:30:00;Strada Urbana;VIA DI SELVA CANDIDA;in corrispondenza;;del civico n.;79;;Scontro frontale/laterale DX fra veicoli in marcia;Rettilineo;Una carreggiata a doppio senso;Asciutto;Asfaltata;Verticale ed orizzontale;Sereno;Normale;Buona;Ore Diurne;2;0;0;1;12.3743;41.925;-1;2;Motociclo con passeggero;In marcia / fermata / arresto;Conducente;M;Rimandato;0;NON DECEDUTO;;
4198651;18;25/01/2019 16:30:00;Strada Urbana;VIA DI SELVA CANDIDA;in corrispondenza;;del civico n.;79;;Scontro frontale/laterale DX fra veicoli in marcia;Rettilineo;Una carreggiata a doppio senso;Asciutto;Asfaltata;Verticale ed orizzontale;Sereno;Normale;Buona;Ore Diurne;2;0;0;1;12.3743;41.925;-1;2;Motociclo con passeggero;In marcia / fermata / arresto;Passeggero;F;Rimandato;0;NON DECEDUTO;;
4198652;12;28/01/2019 06:40:00;Provinciale entro l'abitato;VIA ARDEATINA;in prossimità;;della chilometrica;12;;Veicolo in marcia contro ostacolo accidentale;Rettilineo;Una carreggiata a doppio senso;Bagnato (umidità in atto);Con buche;Verticale;Nuvoloso;Scarso;Sufficiente;Insufficiente;0;0;0;1;12.543;41.7771;-1;1;Autovettura privata;In marcia / fermata / arresto;Conducente;M;Illeso;0;;Utilizzato;Inesploso
4198677;17;26/01/2019 21:18:00;Strada Urbana;VIA STEFANO PORCARI;all'intersezione con;VIA DEL FALCO;VIA DEL FALCO;;;Scontro laterale fra veicoli in marcia;Incrocio;Una carreggiata a senso unico di marcia;Bagnato (pioggia);Asfaltata;Verticale ed orizzontale;Sereno;Scarso;Buona;Sufficiente;0;0;0;3;12.4597;41.9055;-1;1;Autovettura privata;In marcia / fermata / arresto;Conducente;M;Illeso;0;;;
4198677;17;26/01/2019 21:18:00;Strada Urbana;VIA STEFANO PORCARI;all'intersezione con;VIA DEL FALCO;VIA DEL FALCO;;;Scontro laterale fra veicoli in marcia;Incrocio;Una carreggiata a senso unico di marcia;Bagnato (pioggia);Asfaltata;Verticale ed orizzontale;Sereno;Scarso;Buona;Sufficiente;0;0;0;3;12.4597;41.9055;-1;1;Autovettura privata;In marcia / fermata / arresto;Passeggero;F;Illeso;0;;;
4198677;17;26/01/2019 21:18:00;Strada Urbana;VIA STEFANO PORCARI;all'intersezione con;VIA DEL FALCO;VIA DEL FALCO;;;Scontro laterale fra veicoli in marcia;Incrocio;Una carreggiata a senso unico di marcia;Bagnato (pioggia);Asfaltata;Verticale ed orizzontale;Sereno;Scarso;Buona;Sufficiente;0;0;0;3;12.4597;41.9055;-1;2;Autobus di linea;In marcia / fermata / arresto;Conducente;M;Illeso;0;;;
4198681;4;25/01/2019 19:10:00;Strada Urbana;VIA SAN GAGGIO;in prossimità;;del civico n.;5;;Scontro frontale/laterale SX fra veicoli in marcia;Rettilineo;Una carreggiata a doppio senso;Asciutto;Asfaltata;Orizzontale;Sereno;Scarso;Buona;Inesistente;0;0;0;2;12.5149;42.0053;-1;1;Autovettura privata;In marcia / fermata / arresto;Conducente;M;Illeso;0;;Non accertato;
4198681;4;25/01/2019 19:10:00;Strada Urbana;VIA SAN GAGGIO;in prossimità;;del civico n.;5;;Scontro frontale/laterale SX fra veicoli in marcia;Rettilineo;Una carreggiata a doppio senso;Asciutto;Asfaltata;Orizzontale;Sereno;Scarso;Buona;Inesistente;0;0;0;2;12.5149;42.0053;-1;2;Autovettura privata;In marcia / fermata / arresto;Conducente;M;Illeso;0;;Non accertato;
4198683;12;27/01/2019 18:40:00;Strada Urbana;VIALE CAMILLO SABATINI;in prossimità;;del civico n.;1;;Investimento di pedone;Rettilineo;Una carreggiata a doppio senso;Bagnato (pioggia);Asfaltata;Verticale ed orizzontale;Nuvoloso;Normale;Sufficiente;Sufficiente;1;0;0;1;12.4435;41.8208;-1;;;;Pedone;M;Rimandato;0;NON DECEDUTO;;
4198683;12;27/01/2019 18:40:00;Strada Urbana;VIALE CAMILLO SABATINI;in prossimità;;del civico n.;1;;Investimento di pedone;Rettilineo;Una carreggiata a doppio senso;Bagnato (pioggia);Asfaltata;Verticale ed orizzontale;Nuvoloso;Normale;Sufficiente;Sufficiente;1;0;0;1;12.4435;41.8208;-1;1;Autovettura privata;In marcia / fermata / arresto;Conducente;M;Illeso;0;;Utilizzato;Inesploso
4198713;23;26/01/2019 11:20:00;Strada Urbana;VIA CRISTOFORO COLOMBO;all'intersezione semaforizzata con;VIA PINDARO;VIA PINDARO;;;Scontro frontale/laterale DX fra veicoli in marcia;Intersezione semaforizzata;Più di due carreggiate;Asciutto;Asfaltata;Verticale ed orizzontale;Sereno;Normale;Buona;Ore Diurne;0;0;0;3;12.3698;41.7549;-1;1;Autovettura privata;In marcia / fermata / arresto;Conducente;F;Illeso;0;;Non accertato;Inesploso
4198713;23;26/01/2019 11:20:00;Strada Urbana;VIA CRISTOFORO COLOMBO;all'intersezione semaforizzata con;VIA PINDARO;VIA PINDARO;;;Scontro frontale/laterale DX fra veicoli in marcia;Intersezione semaforizzata;Più di due carreggiate;Asciutto;Asfaltata;Verticale ed orizzontale;Sereno;Normale;Buona;Ore Diurne;0;0;0;3;12.3698;41.7549;-1;1;Autovettura privata;In marcia / fermata / arresto;Passeggero;M;Illeso;0;;Non accertato;Inesploso
4198713;23;26/01/2019 11:20:00;Strada Urbana;VIA CRISTOFORO COLOMBO;all'intersezione semaforizzata con;VIA PINDARO;VIA PINDARO;;;Scontro frontale/laterale DX fra veicoli in marcia;Intersezione semaforizzata;Più di due carreggiate;Asciutto;Asfaltata;Verticale ed orizzontale;Sereno;Normale;Buona;Ore Diurne;0;0;0;3;12.3698;41.7549;-1;2;Autovettura privata;In marcia / fermata / arresto;Conducente;M;Illeso;0;;Non accertato;Inesploso
4198720;18;28/01/2019 08:50:00;Strada Urbana;VIA DI BOCCEA;all'intersezione semaforizzata con;VIA DON CARLO GNOCCHI;VIA DON CARLO GNOCCHI;;;Investimento di pedone;Intersezione semaforizzata;Una carreggiata a doppio senso;Bagnato (pioggia);Asfaltata;Verticale ed orizzontale;Nuvoloso;Normale;Buona;Ore Diurne;1;0;0;1;12.3933;41.9107;-1;;;;Pedone;F;Rimandato;0;NON DECEDUTO;;
4198720;18;28/01/2019 08:50:00;Strada Urbana;VIA DI BOCCEA;all'intersezione semaforizzata con;VIA DON CARLO GNOCCHI;VIA DON CARLO GNOCCHI;;;Investimento di pedone;Intersezione semaforizzata;Una carreggiata a doppio senso;Bagnato (pioggia);Asfaltata;Verticale ed orizzontale;Nuvoloso;Normale;Buona;Ore Diurne;1;0;0;1;12.3933;41.9107;-1;1;Motociclo a solo;In marcia / fermata / arresto;Conducente;F;Illeso;0;;Non accertato;