Protocollo;Gruppo;DataOraIncidente;Localizzazione1;STRADA1;Localizzazione2;STRADA2;Strada02;Chilometrica;DaSpecificare;NaturaIncidente;particolaritastrade;TipoStrada;FondoStradale;Pavimentazione;Segnaletica;CondizioneAtmosferica;Traffico;Visibilita;Illuminazione;NUM_FERITI;NUM_RISERVATA;NUM_MORTI;NUM_ILLESI;Longitudine;Latitudine;Confermato;Progressivo;TipoVeicolo;StatoVeicolo;TipoPersona;Sesso;Tipolesione;Deceduto;DecedutoDopo;CinturaCascoUtilizzato;Airbag;
4201660;19;29/01/2019 16:25:00;Strada Urbana;VIA DELLA PINETA SACCHETTI;in prossimità;;del civico n.;398;;Scontro laterale fra veicoli in marcia;Rettilineo;Due carreggiate;Asciutto;Asfaltata;Verticale ed orizzontale;Sereno;Intenso;Buona;Sufficiente;0;0;0;2;12.4256;41.9239;-1;2;Autovettura privata;In marcia / fermata / arresto;Conducente;M;Illeso;0;;;
4201662;19;29/01/2019 16:10:00;Strada Urbana;VIA VINCENZO TOMASSINI;in prossimità;;del civico n.;41;;Veicolo in marcia contro veicolo in sosta;Rettilineo;Una carreggiata a doppio senso;Asciutto;Asfaltata;Assente;Sereno;Scarso;Buona;Ore Diurne;0;0;0;1;12.4124;41.9291;-1;1;Autovettura privata;In marcia / fermata / arresto;Conducente;M;Illeso;0;;;
4201662;19;29/01/2019 16:10:00;Strada Urbana;VIA VINCENZO TOMASSINI;in prossimità;;del civico n.;41;;Veicolo in marcia contro veicolo in sosta;Rettilineo;Una carreggiata a doppio senso;Asciutto;Asfaltata;Assente;Sereno;Scarso;Buona;Ore Diurne;0;0;0;1;12.4124;41.9291;-1;2;Motociclo a solo;Sosta;;;;;;;
4201697;16;25/01/2019 13:45:00;Strada Urbana;VIA ANTONIO SOGLIANO;in prossimità;;del civico n.;116;;Veicolo in marcia contro veicolo in sosta;Rettilineo;Una carreggiata a senso unico di marcia;Asciutto;Asfaltata;Assente;Sereno;Scarso;Buona;Ore Diurne;0;0;0;0;12.428;41.8802;-1;1;Autovettura privata;Sosta;;;;;;;
4201847;9;29/01/2019 15:45:00;Strada Urbana;VIA GELA;in corrispondenza;;del civico n.;49;;Investimento di pedone;Rettilineo;Una carreggiata a doppio senso;Asciutto;Asfaltata;Verticale ed orizzontale;Sereno;Normale;Buona;Ore Diurne;1;0;0;1;12.52;41.8785;-1;;;;Pedone;F;Rimandato;0;NON DECEDUTO;;
4201847;9;29/01/2019 15:45:00;Strada Urbana;VIA GELA;in corrispondenza;;del civico n.;49;;Investimento di pedone;Rettilineo;Una carreggiata a doppio senso;Asciutto;Asfaltata;Verticale ed orizzontale;Sereno;Normale;Buona;Ore Diurne;1;0;0;1;12.52;41.8785;-1;1;Autovettura privata;In marcia / fermata / arresto;Conducente;M;Illeso;0;;Non accertato;Inesploso
4201994;11;29/01/2019 11:00:00;Strada Urbana;VIALE GUGLIELMO MARCONI;da specificare;;;;pross. via del VALCO DI S.PAOLO;Tamponamento;Rettilineo;Due carreggiate;Asciutto;Asfaltata;Orizzontale;Sereno;Normale;Buona;Ore Diurne;1;0;0;2;12.4732;41.8524;-1;1;Autovettura privata;In marcia / fermata / arresto;Conducente;M;Illeso;0;;Non accertato;
4201994;11;29/01/2019 11:00:00;Strada Urbana;VIALE GUGLIELMO MARCONI;da specificare;;;;pross. via del VALCO DI S.PAOLO;Tamponamento;Rettilineo;Due carreggiate;Asciutto;Asfaltata;Orizzontale;Sereno;Normale;Buona;Ore Diurne;1;0;0;2;12.4732;41.8524;-1;1;Autovettura privata;In marcia / fermata / arresto;Passeggero;F;Rifiuta cure immediate;0;NON DECEDUTO;Non accertato;
4201994;11;29/01/2019 11:00:00;Strada Urbana;VIALE GUGLIELMO MARCONI;da specificare;;;;pross. via del VALCO DI S.PAOLO;Tamponamento;Rettilineo;Due carreggiate;Asciutto;Asfaltata;Orizzontale;Sereno;Normale;Buona;Ore Diurne;1;0;0;2;12.4732;41.8524;-1;2;Autovettura privata;In marcia / fermata / arresto;Conducente;M;Illeso;0;;Non accertato;
4202014;11;29/01/2019 15:00:00;Strada Urbana;VIALE GIUSTINIANO IMPERATORE;all'intersezione con;VIA GALBA;VIA GALBA;;;Scontro frontale fra veicoli in marcia;Incrocio;Due carreggiate;Asciutto;Asfaltata;Verticale ed orizzontale;Sereno;Normale;Buona;Ore Diurne;1;0;0;1;12.487;41.8554;-1;1;Autovettura privata;In marcia / fermata / arresto;Conducente;F;Illeso;0;;Non accertato;
4202014;11;29/01/2019 15:00:00;Strada Urbana;VIALE GIUSTINIANO IMPERATORE;all'intersezione con;VIA GALBA;VIA GALBA;;;Scontro frontale fra veicoli in marcia;Incrocio;Due carreggiate;Asciutto;Asfaltata;Verticale ed orizzontale;Sereno;Normale;Buona;Ore Diurne;1;0;0;1;12.487;41.8554;-1;2;Motociclo a solo;In marcia / fermata / arresto;Conducente;M;Rimandato;0;NON DECEDUTO;Non accertato;
4202017;8;28/01/2019 19:30:00;Strada Urbana;VIA DI TOR BELLA MONACA;da specificare;;;;50 mt. dal cavalcavia TORRENOVA;Veicolo in marcia contro ostacolo accidentale;Rettilineo;Due carreggiate;Bagnato (pioggia);Asfaltata;Verticale ed orizzontale;Pioggia in atto;Normale;Sufficiente;Sufficiente;0;0;0;1;12.6282;41.8763;-1;1;Autovettura privata;In marcia / fermata / arresto;Conducente;M;Illeso;0;;Non accertato;Inesploso
4202020;8;29/01/2019 06:50:00;Strada Urbana;VIA COLLATINA;in prossimità;;del palo luce n.;558;;Fuoriuscita dalla sede stradale;Rettilineo;Una carreggiata a doppio senso;Ghiacciato;Asfaltata;Verticale ed orizzontale;Sereno;Scarso;Sufficiente;Sufficiente;1;0;0;0;12.6108;41.9059;-1;1;Autovettura privata;In marcia / fermata / arresto;Conducente;M;Rifiuta cure immediate;0;NON DECEDUTO;Non accertato;
4202023;8;29/01/2019 07:15:00;Strada Urbana;VIA DI LUNGHEZZINA;all'intersezione con;VIA POLENSE;VIA POLENSE;;;Infortunio per sola frenata improvvisa;Intersezione stradale segnalata;Una carreggiata a doppio senso;Ghiacciato;Asfaltata;Verticale ed orizzontale;Sereno;Normale;Buona;Ore Diurne;1;0;0;0;12.707;41.9296;-1;1;Motociclo a solo;In marcia / fermata / arresto;Conducente;M;Rimandato;0;NON DECEDUTO;Non accertato;
4202025;7;29/01/2019 03:30:00;Strada Urbana;VIA LEONARDO AGOSTINI;in corrispondenza;;del civico n.;47;;Veicolo in marcia contro veicolo in sosta;Rettilineo;Una carreggiata a senso unico di marcia;Bagnato (umidità in atto);Asfaltata;Assente;Sereno;Scarso;Sufficiente;Sufficiente;0;0;0;0;12.6221;41.8691;-1;1;Autovettura privata;Allontanatosi;;;;;;;
4202025;7;29/01/2019 03:30:00;Strada Urbana;VIA LEONARDO AGOSTINI;in corrispondenza;;del civico n.;47;;Veicolo in marcia contro veicolo in sosta;Rettilineo;Una carreggiata a senso unico di marcia;Bagnato (umidità in atto);Asfaltata;Assente;Sereno;Scarso;Sufficiente;Sufficiente;0;0;0;0;12.6221;41.8691;-1;2;Autovettura privata;Sosta;;;;;;;
4202027;8;28/01/2019 08:00:00;Strada Urbana;VIA MELISSANO;all'intersezione con;VIA DELICETO;VIA DELICETO;;;Scontro frontale/laterale DX fra veicoli in marcia;Intersezione stradale segnalata;Una carreggiata a doppio senso;Asciutto;Asfaltata;Verticale;Sereno;Normale;Buona;Ore Diurne;4;0;0;1;12.6675;41.8884;-1;1;Autovettura privata;In marcia / fermata / arresto;Conducente;F;Rifiuta cure immediate;0;NON DECEDUTO;Non accertato;Esploso
4202027;8;28/01/2019 08:00:00;Strada Urbana;VIA MELISSANO;all'intersezione con;VIA DELICETO;VIA DELICETO;;;Scontro frontale/laterale DX fra veicoli in marcia;Intersezione stradale segnalata;Una carreggiata a doppio senso;Asciutto;Asfaltata;Verticale;Sereno;Normale;Buona;Ore Diurne;4;0;0;1;12.6675;41.8884;-1;1;Autovettura privata;In marcia / fermata / arresto;Passeggero;M;Rifiuta cure immediate;0;NON DECEDUTO;Non accertato;Esploso
4202027;8;28/01/2019 08:00:00;Strada Urbana;VIA MELISSANO;all'intersezione con;VIA DELICETO;VIA DELICETO;;;Scontro frontale/laterale DX fra veicoli in marcia;Intersezione stradale segnalata;Una carreggiata a doppio senso;Asciutto;Asfaltata;Verticale;Sereno;Normale;Buona;Ore Diurne;4;0;0;1;12.6675;41.8884;-1;1;Autovettura privata;In marcia / fermata / arresto;Passeggero;M;Rifiuta cure immediate;0;NON DECEDUTO;Non accertato;Inesploso
4202027;8;28/01/2019 08:00:00;Strada Urbana;VIA MELISSANO;all'intersezione con;VIA DELICETO;VIA DELICETO;;;Scontro frontale/laterale DX fra veicoli in marcia;Intersezione stradale segnalata;Una carreggiata a doppio senso;Asciutto;Asfaltata;Verticale;Sereno;Normale;Buona;Ore Diurne;4;0;0;1;12.6675;41.8884;-1;1;Autovettura privata;In marcia / fermata / arresto;Passeggero;M;Rifiuta cure immediate;0;NON DECEDUTO;Non accertato;Inesploso
4202027;8;28/01/2019 08:00:00;Strada Urbana;VIA MELISSANO;all'intersezione con;VIA DELICETO;VIA DELICETO;;;Scontro frontale/laterale DX fra veicoli in marcia;Intersezione stradale segnalata;Una carreggiata a doppio senso;Asciutto;Asfaltata;Verticale;Sereno;Normale;Buona;Ore Diurne;4;0;0;1;12.6675;41.8884;-1;2;Autovettura privata;In marcia / fermata / arresto;Conducente;M;Illeso;0;;Non accertato;Esploso
4202029;8;29/01/2019 08:00:00;Strada Urbana;VIA DI TOR VERGATA;in prossimità;;del civico n.;193;;Scontro frontale/laterale SX fra veicoli in marcia;Rettilineo;Due carreggiate;Asciutto;Asfaltata;Verticale ed orizzontale;Sereno;Normale;Buona;Ore Diurne;2;0;0;0;12.6236;41.8471;-1;1;Autovettura privata;In marcia / fermata / arresto;Conducente;M;Rifiuta cure immediate;0;NON DECEDUTO;Non accertato;Inesploso
4202029;8;29/01/2019 08:00:00;Strada Urbana;VIA DI TOR VERGATA;in prossimità;;del civico n.;193;;Scontro frontale/laterale SX fra veicoli in marcia;Rettilineo;Due carreggiate;Asciutto;Asfaltata;Verticale ed orizzontale;Sereno;Normale;Buona;Ore Diurne;2;0;0;0;12.6236;41.8471;-1;2;Autovettura privata;In marcia / fermata / arresto;Conducente;F;Rimandato;0;NON DECEDUTO;Non accertato;Esploso
4202037;8;29/01/2019 13:00:00;Strada Urbana;VIA ERCOLE PELLINI;in prossimità;;del civico n.;15;;Veicolo in marcia contro veicoli in sosta;Rettilineo;Una carreggiata a doppio senso;Asciutto;Asfaltata;Assente;Sereno;Scarso;Buona;Ore Diurne;0;0;0;2;12.5776;41.866;-1;1;Autovettura privata;In marcia / fermata / arresto;Conducente;M;Illeso;0;;;
4202037;8;29/01/2019 13:00:00;Strada Urbana;VIA ERCOLE PELLINI;in prossimità;;del civico n.;15;;Veicolo in marcia contro veicoli in sosta;Rettilineo;Una carreggiata a doppio senso;Asciutto;Asfaltata;Assente;Sereno;Scarso;Buona;Ore Diurne;0;0;0;2;12.5776;41.866;-1;2;Velocipede;In marcia / fermata / arresto;Conducente;M;Illeso;0;;Esente;
4202044;11;29/01/2019 10:40:00;Strada Urbana;VIA CRISTOFORO COLOMBO;in corrispondenza;;del palo luce n.;66;;Scontro frontale/laterale SX fra veicoli in marcia;Rettilineo;Più di due carreggiate;Asciutto;Asfaltata;Verticale ed orizzontale;Sereno;Normale;Buona;Ore Diurne;1;0;0;5;12.4963;41.8669;-1;1;Autovettura privata;In marcia / fermata / arresto;Conducente;M;Illeso;0;;;
4202044;11;29/01/2019 10:40:00;Strada Urbana;VIA CRISTOFORO COLOMBO;in corrispondenza;;del palo luce n.;66;;Scontro frontale/laterale SX fra veicoli in marcia;Rettilineo;Più di due carreggiate;Asciutto;Asfaltata;Verticale ed orizzontale;Sereno;Normale;Buona;Ore Diurne;1;0;0;5;12.4963;41.8669;-1;1;Autovettura privata;In marcia / fermata / arresto;Passeggero;F;Illeso;0;;;
4202044;11;29/01/2019 10:40:00;Strada Urbana;VIA CRISTOFORO COLOMBO;in corrispondenza;;del palo luce n.;66;;Scontro frontale/laterale SX fra veicoli in marcia;Rettilineo;Più di due carreggiate;Asciutto;Asfaltata;Verticale ed orizzontale;Sereno;Normale;Buona;Ore Diurne;1;0;0;5;12.4963;41.8669;-1;1;Autovettura privata;In marcia / fermata / arresto;Passeggero;M;Illeso;0;;;
4202044;11;29/01/2019 10:40:00;Strada Urbana;VIA CRISTOFORO COLOMBO;in corrispondenza;;del palo luce n.;66;;Scontro frontale/laterale SX fra veicoli in marcia;Rettilineo;Più di due carreggiate;Asciutto;Asfaltata;Verticale ed orizzontale;Sereno;Normale;Buona;Ore Diurne;1;0;0;5;12.4963;41.8669;-1;2;Motociclo a solo;In marcia / fermata / arresto;Conducente;M;Rimandato;0;NON DECEDUTO;;
4202044;11;29/01/2019 10:40:00;Strada Urbana;VIA CRISTOFORO COLOMBO;in corrispondenza;;del palo luce n.;66;;Scontro frontale/laterale SX fra veicoli in marcia;Rettilineo;Più di due carreggiate;Asciutto;Asfaltata;Verticale ed orizzontale;Sereno;Normale;Buona;Ore Diurne;1;0;0;5;12.4963;41.8669;-1;3;Autovettura privata;In marcia / fermata / arresto;Conducente;M;Illeso;0;;;
4202044;11;29/01/2019 10:40:00;Strada Urbana;VIA CRISTOFORO COLOMBO;in corrispondenza;;del palo luce n.;66;;Scontro frontale/laterale SX fra veicoli in marcia;Rettilineo;Più di due carreggiate;Asciutto;Asfaltata;Verticale ed orizzontale;Sereno;Normale;Buona;Ore Diurne;1;0;0;5;12.4963;41.8669;-1;3;Autovettura privata;In marcia / fermata / arresto;Passeggero;M;Illeso;0;;;
4202045;8;29/01/2019 14:35:00;Strada Urbana;VIA MONTPELLIER;da specificare;;;;civ 1 interno parcheggio Facoltà Medicina;Scontro frontale/laterale SX fra veicoli in marcia;Rettilineo;Una carreggiata a senso unico di marcia;Asciutto;Asfaltata;Verticale;Sereno;Scarso;Buona;Ore Diurne;2;0;0;2;12.6325;41.8559;-1;1;Autovettura privata;In marcia / fermata / arresto;Conducente;M;Illeso;0;;Non accertato;Inesploso
4202045;8;29/01/2019 14:35:00;Strada Urbana;VIA MONTPELLIER;da specificare;;;;civ 1 interno parcheggio Facoltà Medicina;Scontro frontale/laterale SX fra veicoli in marcia;Rettilineo;Una carreggiata a senso unico di marcia;Asciutto;Asfaltata;Verticale;Sereno;Scarso;Buona;Ore Diurne;2;0;0;2;12.6325;41.8559;-1;1;Autovettura privata;In marcia / fermata / arresto;Passeggero;M;Rimandato;0;NON DECEDUTO;Non accertato;Inesistente
4202045;8;29/01/2019 14:35:00;Strada Urbana;VIA MONTPELLIER;da specificare;;;;civ 1 interno parcheggio Facoltà Medicina;Scontro frontale/laterale SX fra veicoli in marcia;Rettilineo;Una carreggiata a senso unico di marcia;Asciutto;Asfaltata;Verticale;Sereno;Scarso;Buona;Ore Diurne;2;0;0;2;12.6325;41.8559;-1;1;Autovettura privata;In marcia / fermata / arresto;Passeggero;M;Illeso;0;;Non accertato;Inesploso
4202045;8;29/01/2019 14:35:00;Strada Urbana;VIA MONTPELLIER;da specificare;;;;civ 1 interno parcheggio Facoltà Medicina;Scontro frontale/laterale SX fra veicoli in marcia;Rettilineo;Una carreggiata a senso unico di marcia;Asciutto;Asfaltata;Verticale;Sereno;Scarso;Buona;Ore Diurne;2;0;0;2;12.6325;41.8559;-1;2;Autovettura privata;In marcia / fermata / arresto;Conducente;M;Rifiuta cure immediate;0;NON DECEDUTO;Non accertato;
4202050;8;29/01/2019 19:00:00;Strada Urbana;VIA DELL'ACQUA VERGINE;all'intersezione con;VIA COLLATINA;VIA COLLATINA;;;Tamponamento;Intersezione stradale segnalata;Una carreggiata a doppio senso;Bagnato (umidità in atto);Asfaltata;Verticale ed orizzontale;Nuvoloso;Normale;Sufficiente;Sufficiente;0;0;0;2;12.6252;41.9001;-1;1;Autovettura privata;In marcia / fermata / arresto;Conducente;F;Illeso;0;;Non accertato;Inesploso
4202050;8;29/01/2019 19:00:00;Strada Urbana;VIA DELL'ACQUA VERGINE;all'intersezione con;VIA COLLATINA;VIA COLLATINA;;;Tamponamento;Intersezione stradale segnalata;Una carreggiata a doppio senso;Bagnato (umidità in atto);Asfaltata;Verticale ed orizzontale;Nuvoloso;Normale;Sufficiente;Sufficiente;0;0;0;2;12.6252;41.9001;-1;2;Autovettura privata;In marcia / fermata / arresto;Conducente;F;Illeso;0;;Non accertato;Inesploso
4202053;11;29/01/2019 20:00:00;Strada Urbana;VIA DELLE CONCE;da specificare;;;;(sotto cavalcavia);Tamponamento;Cavalcavia;Una carreggiata a doppio senso;Asciutto;Asfaltata;Verticale ed orizzontale;Sereno;Normale;Sufficiente;Sufficiente;0;0;0;2;12.4785;41.8731;-1;1;Autovettura privata;In marcia / fermata / arresto;Conducente;F;Illeso;0;;Non accertato;
4202053;11;29/01/2019 20:00:00;Strada Urbana;VIA DELLE CONCE;da specificare;;;;(sotto cavalcavia);Tamponamento;Cavalcavia;Una carreggiata a doppio senso;Asciutto;Asfaltata;Verticale ed orizzontale;Sereno;Normale;Sufficiente;Sufficiente;0;0;0;2;12.4785;41.8731;-1;2;Autovettura privata;In marcia / fermata / arresto;Conducente;M;Illeso;0;;Non accertato;
4202058;8;30/01/2019 01:30:00;Provinciale entro l'abitato;VIA POLENSE;all'intersezione con;VIA PRETORO;VIA PRETORO;;;Tamponamento;Incrocio;Una carreggiata a doppio senso;Asciutto;Asfaltata;Orizzontale;Sereno;Scarso;Sufficiente;Insufficiente;1;0;0;3;12.7077;41.9017;-1;1;Autovettura privata;In marcia / fermata / arresto;Conducente;M;Rifiuta cure immediate;0;NON DECEDUTO;;
4202058;8;30/01/2019 01:30:00;Provinciale entro l'abitato;VIA POLENSE;all'intersezione con;VIA PRETORO;VIA PRETORO;;;Tamponamento;Incrocio;Una carreggiata a doppio senso;Asciutto;Asfaltata;Orizzontale;Sereno;Scarso;Sufficiente;Insufficiente;1;0;0;3;12.7077;41.9017;-1;2;Autovettura privata;In marcia / fermata / arresto;Conducente;M;Illeso;0;;;
4202058;8;30/01/2019 01:30:00;Provinciale entro l'abitato;VIA POLENSE;all'intersezione con;VIA PRETORO;VIA PRETORO;;;Tamponamento;Incrocio;Una carreggiata a doppio senso;Asciutto;Asfaltata;Orizzontale;Sereno;Scarso;Sufficiente;Insufficiente;1;0;0;3;12.7077;41.9017;-1;2;Autovettura privata;In marcia / fermata / arresto;Passeggero;M;Illeso;0;;;
4202068;13;29/01/2019 16:10:00;Strada Urbana;VIALE DEI ROMAGNOLI;in corrispondenza;;del civico n.;165;;Scontro frontale fra veicoli in marcia;Rettilineo;Una carreggiata a doppio senso;Asciutto;Asfaltata;Assente;Sereno;Scarso;Sufficiente;Ore Diurne;0;0;0;2;12.3033;41.759;-1;1;Autovettura privata;In marcia / fermata / arresto;Conducente;M;Illeso;0;;;
4202068;13;29/01/2019 16:10:00;Strada Urbana;VIALE DEI ROMAGNOLI;in corrispondenza;;del civico n.;165;;Scontro frontale fra veicoli in marcia;Rettilineo;Una carreggiata a doppio senso;Asciutto;Asfaltata;Assente;Sereno;Scarso;Sufficiente;Ore Diurne;0;0;0;2;12.3033;41.759;-1;2;Autovettura privata;In marcia / fermata / arresto;Conducente;M;Illeso;0;;;
4202070;15;29/01/2019 19:15:00;Strada Urbana;VIA DELLA MAGLIANA;in corrispondenza;;del civico n.;70;;Tamponamento;Rettilineo;Una carreggiata a doppio senso;Asciutto;Asfaltata;Verticale ed orizzontale;Sereno;Normale;Buona;Sufficiente;0;0;0;2;12.459;41.8576;-1;1;Autovettura privata;In marcia / fermata / arresto;Conducente;F;Illeso;0;;Utilizzato;Inesploso
4202070;15;29/01/2019 19:15:00;Strada Urbana;VIA DELLA MAGLIANA;in corrispondenza;;del civico n.;70;;Tamponamento;Rettilineo;Una carreggiata a doppio senso;Asciutto;Asfaltata;Verticale ed orizzontale;Sereno;Normale;Buona;Sufficiente;0;0;0;2;12.459;41.8576;-1;2;Motociclo a solo;In marcia / fermata / arresto;Conducente;F;Illeso;0;;Utilizzato;
4202074;7;29/01/2019 08:00:00;Strada Urbana;VIA RAFFAELE COSTI;all'intersezione con;VIA DI TOR CERVARA;VIA DI TOR CERVARA;;;Veicolo in marcia contro ostacolo accidentale;Incrocio;Una carreggiata a doppio senso;Bagnato (umidità in atto);Asfaltata;Verticale ed orizzontale;Sereno;Normale;Buona;Ore Diurne;0;0;0;1;12.5953;41.913;-1;1;Autovettura privata;In marcia / fermata / arresto;Conducente;M;Illeso;0;;Non accertato;Inesploso
4202075;15;29/01/2019 19:01:00;Strada Urbana;VIA PORTUENSE;all'intersezione semaforizzata con;VIA DI AFFOGALASINO;VIA DI AFFOGALASINO;;;Tamponamento;Incrocio;Due carreggiate;Asciutto;Asfaltata;Verticale ed orizzontale;Sereno;Intenso;Buona;Sufficiente;1;0;0;1;12.414;41.8469;-1;1;Autovettura privata;In marcia / fermata / arresto;Conducente;M;Rifiuta cure immediate;0;NON DECEDUTO;Non accertato;
4202075;15;29/01/2019 19:01:00;Strada Urbana;VIA PORTUENSE;all'intersezione semaforizzata con;VIA DI AFFOGALASINO;VIA DI AFFOGALASINO;;;Tamponamento;Incrocio;Due carreggiate;Asciutto;Asfaltata;Verticale ed orizzontale;Sereno;Intenso;Buona;Sufficiente;1;0;0;1;12.414;41.8469;-1;2;Autovettura privata;In marcia / fermata / arresto;Conducente;F;Illeso;0;;Utilizzato;
4202090;11;29/01/2019 16:30:00;Strada Urbana;VIA CRISTOFORO COLOMBO;da specificare;;;;altezza VIA PADRE SEMERIA;Scontro laterale fra veicoli in marcia;Rettilineo;Più di due carreggiate;Asciutto;Asfaltata;Verticale ed orizzontale;Sereno;Intenso;Buona;Sufficiente;0;0;0;2;12.497;41.8644;-1;1;Autovettura privata;In marcia / fermata / arresto;Conducente;F;Illeso;0;;Non accertato;Inesploso
4202090;11;29/01/2019 16:30:00;Strada Urbana;VIA CRISTOFORO COLOMBO;da specificare;;;;altezza VIA PADRE SEMERIA;Scontro laterale fra veicoli in marcia;Rettilineo;Più di due carreggiate;Asciutto;Asfaltata;Verticale ed orizzontale;Sereno;Intenso;Buona;Sufficiente;0;0;0;2;12.497;41.8644;-1;2;Autocarro inferiore 35 q.;In marcia / fermata / arresto;Conducente;M;Illeso;0;;Non accertato;Inesploso
4202106;20;30/01/2019 04:00:00;Strada Urbana;VIA DELLA STORTA;in corrispondenza;;del civico n.;901;;Veicolo in marcia contro veicolo in sosta;Curva senza visuale libera;Una carreggiata a doppio senso;Asciutto;Asfaltata;Verticale;Sereno;Scarso;Buona;Sufficiente;0;0;0;0;12.3806;42.0042;-1;1;Autovettura privata;Sosta;;;;;;;
4202106;20;30/01/2019 04:00:00;Strada Urbana;VIA DELLA STORTA;in corrispondenza;;del civico n.;901;;Veicolo in marcia contro veicolo in sosta;Curva senza visuale libera;Una carreggiata a doppio senso;Asciutto;Asfaltata;Verticale;Sereno;Scarso;Buona;Sufficiente;0;0;0;0;12.3806;42.0042;-1;2;Autovettura privata;Allontanatosi;;;;;;;
4202109;7;29/01/2019 12:00:00;Strada Urbana;VIA DI TOR SAPIENZA;in corrispondenza;;del civico n.;27b;;Scontro frontale fra veicoli in marcia;Rettilineo;Una carreggiata a doppio senso;Asciutto;Asfaltata;Orizzontale;Sereno;Normale;Buona;Ore Diurne;0;0;0;2;12.5906;41.9016;-1;1;Autovettura privata;In marcia / fermata / arresto;Conducente;M;Illeso;0;;Non accertato;Inesploso
4202109;7;29/01/2019 12:00:00;Strada Urbana;VIA DI TOR SAPIENZA;in corrispondenza;;del civico n.;27b;;Scontro frontale fra veicoli in marcia;Rettilineo;Una carreggiata a doppio senso;Asciutto;Asfaltata;Orizzontale;Sereno;Normale;Buona;Ore Diurne;0;0;0;2;12.5906;41.9016;-1;2;Autocarro inferiore 35 q.;In marcia / fermata / arresto;Conducente;M;Illeso;0;;Non accertato;Inesploso
4202113;11;29/01/2019 13:25:00;Strada Urbana;VIA APPIA PIGNATELLI;all'intersezione con;VIA APPIA ANTICA;VIA APPIA ANTICA;;;Tamponamento Multiplo;Intersezione non regolata/non segnalata;Una carreggiata a senso unico di marcia;Asciutto;In cubetti di porfido;Verticale ed orizzontale;Sereno;Normale;Buona;Ore Diurne;0;0;0;4;12.5135;41.8586;-1;1;Autovettura privata;In marcia / fermata / arresto;Conducente;F;Illeso;0;;;
4202113;11;29/01/2019 13:25:00;Strada Urbana;VIA APPIA PIGNATELLI;all'intersezione con;VIA APPIA ANTICA;VIA APPIA ANTICA;;;Tamponamento Multiplo;Intersezione non regolata/non segnalata;Una carreggiata a senso unico di marcia;Asciutto;In cubetti di porfido;Verticale ed orizzontale;Sereno;Normale;Buona;Ore Diurne;0;0;0;4;12.5135;41.8586;-1;1;Autovettura privata;In marcia / fermata / arresto;Passeggero;M;Illeso;0;;;
4202113;11;29/01/2019 13:25:00;Strada Urbana;VIA APPIA PIGNATELLI;all'intersezione con;VIA APPIA ANTICA;VIA APPIA ANTICA;;;Tamponamento Multiplo;Intersezione non regolata/non segnalata;Una carreggiata a senso unico di marcia;Asciutto;In cubetti di porfido;Verticale ed orizzontale;Sereno;Normale;Buona;Ore Diurne;0;0;0;4;12.5135;41.8586;-1;2;Autovettura pubblica;In marcia / fermata / arresto;Conducente;M;Illeso;0;;;
4202113;11;29/01/2019 13:25:00;Strada Urbana;VIA APPIA PIGNATELLI;all'intersezione con;VIA APPIA ANTICA;VIA APPIA ANTICA;;;Tamponamento Multiplo;Intersezione non regolata/non segnalata;Una carreggiata a senso unico di marcia;Asciutto;In cubetti di porfido;Verticale ed orizzontale;Sereno;Normale;Buona;Ore Diurne;0;0;0;4;12.5135;41.8586;-1;3;Autovettura privata;In marcia / fermata / arresto;Conducente;F;Illeso;0;;;
4202140;20;30/01/2019 01:15:00;Regionale entro l'abitato;VIA CASSIA;in corrispondenza;;del civico n.;118;;Veicolo in marcia contro ostacolo fisso;Rettilineo;Una carreggiata a senso unico di marcia;Asciutto;Asfaltata;Verticale ed orizzontale;Sereno;Scarso;Buona;Sufficiente;2;0;0;0;12.4647;41.9441;-1;1;Quadriciclo leggero;In marcia / fermata / arresto;Conducente;M;Rimandato;0;NON DECEDUTO;Non accertato;Inesploso
4202140;20;30/01/2019 01:15:00;Regionale entro l'abitato;VIA CASSIA;in corrispondenza;;del civico n.;118;;Veicolo in marcia contro ostacolo fisso;Rettilineo;Una carreggiata a senso unico di marcia;Asciutto;Asfaltata;Verticale ed orizzontale;Sereno;Scarso;Buona;Sufficiente;2;0;0;0;12.4647;41.9441;-1;1;Quadriciclo leggero;In marcia / fermata / arresto;Passeggero;M;Rifiuta cure immediate;0;NON DECEDUTO;Non accertato;Inesploso
4202141;11;29/01/2019 08:45:00;Strada Urbana;PIAZZALE DEL CARAVAGGIO;da specificare;;;;in pross.via del GIORGIONE;Scontro frontale/laterale DX fra veicoli in marcia;Rettilineo;Due carreggiate;Bagnato (umidità in atto);Asfaltata;Verticale ed orizzontale;Sereno;Normale;Buona;Ore Diurne;1;0;0;1;12.4932;41.8506;-1;1;Autovettura privata;In marcia / fermata / arresto;Conducente;F;Illeso;0;;Non accertato;
4202141;11;29/01/2019 08:45:00;Strada Urbana;PIAZZALE DEL CARAVAGGIO;da specificare;;;;in pross.via del GIORGIONE;Scontro frontale/laterale DX fra veicoli in marcia;Rettilineo;Due carreggiate;Bagnato (umidità in atto);Asfaltata;Verticale ed orizzontale;Sereno;Normale;Buona;Ore Diurne;1;0;0;1;12.4932;41.8506;-1;2;Ciclomotore;In marcia / fermata / arresto;Conducente;M;Rimandato;0;NON DECEDUTO;Non accertato;