Protocollo;Gruppo;DataOraIncidente;Localizzazione1;STRADA1;Localizzazione2;STRADA2;Strada02;Chilometrica;DaSpecificare;NaturaIncidente;particolaritastrade;TipoStrada;FondoStradale;Pavimentazione;Segnaletica;CondizioneAtmosferica;Traffico;Visibilita;Illuminazione;NUM_FERITI;NUM_RISERVATA;NUM_MORTI;NUM_ILLESI;Longitudine;Latitudine;Confermato;Progressivo;TipoVeicolo;StatoVeicolo;TipoPersona;Sesso;Tipolesione;Deceduto;DecedutoDopo;CinturaCascoUtilizzato;Airbag;
4203031;4;21/01/2019 08:00:00;Strada Urbana;VIA SAN LEO;all'intersezione con;VIA INCISA IN VAL D'ARNO;VIA INCISA IN VAL D'ARNO;;;Scontro frontale/laterale DX fra veicoli in marcia;Incrocio;Una carreggiata a doppio senso;Bagnato (pioggia);Asfaltata;Verticale ed orizzontale;Pioggia in atto;Normale;Buona;Ore Diurne;0;0;0;2;12.5115;41.9803;-1;2;Autovettura privata;In marcia / fermata / arresto;Conducente;M;Illeso;0;;Non accertato;Inesploso
4203058;4;30/01/2019 09:10:00;Strada Urbana;VIA DELLE VIGNE NUOVE;all'intersezione con;VIALE GINO CERVI;VIALE GINO CERVI;;;Scontro laterale fra veicoli in marcia;Rotatoria;Una carreggiata a senso unico di marcia;Asciutto;Asfaltata;Verticale ed orizzontale;Nuvoloso;Normale;Buona;Ore Diurne;0;0;0;2;12.5358;41.9554;-1;1;Autovettura privata;In marcia / fermata / arresto;Conducente;F;Illeso;0;;Non accertato;Inesploso
4203058;4;30/01/2019 09:10:00;Strada Urbana;VIA DELLE VIGNE NUOVE;all'intersezione con;VIALE GINO CERVI;VIALE GINO CERVI;;;Scontro laterale fra veicoli in marcia;Rotatoria;Una carreggiata a senso unico di marcia;Asciutto;Asfaltata;Verticale ed orizzontale;Nuvoloso;Normale;Buona;Ore Diurne;0;0;0;2;12.5358;41.9554;-1;2;Autocarro inferiore 35 q.;In marcia / fermata / arresto;Conducente;M;Illeso;0;;Non accertato;Inesploso
4203079;18;30/01/2019 08:15:00;Strada Urbana;CIRCONVALLAZIONE CORNELIA;in prossimità;;del civico n.;86;;Veicolo in marcia contro ostacolo accidentale;Rettilineo;Due carreggiate;Asciutto;Asfaltata;Orizzontale;Nuvoloso;Intenso;Sufficiente;Ore Diurne;1;0;0;0;12.4265;41.9011;-1;1;Motociclo a solo;In marcia / fermata / arresto;Conducente;M;Rifiuta cure immediate;0;NON DECEDUTO;;
4203089;18;30/01/2019 15:15:00;Statale;VIA AURELIA;da specificare;;;;PROSSIMITA' GRA IN DIREZIONE CIVITAVECCHIA;Tamponamento;Rettilineo;Due carreggiate;Bagnato (pioggia);Asfaltata;Verticale ed orizzontale;Nuvoloso;Intenso;Buona;Ore Diurne;0;0;0;3;12.3821;41.885;-1;1;Autovettura privata;In marcia / fermata / arresto;Conducente;M;Illeso;0;;;
4203089;18;30/01/2019 15:15:00;Statale;VIA AURELIA;da specificare;;;;PROSSIMITA' GRA IN DIREZIONE CIVITAVECCHIA;Tamponamento;Rettilineo;Due carreggiate;Bagnato (pioggia);Asfaltata;Verticale ed orizzontale;Nuvoloso;Intenso;Buona;Ore Diurne;0;0;0;3;12.3821;41.885;-1;1;Autovettura privata;In marcia / fermata / arresto;Passeggero;M;Illeso;0;;;
4203089;18;30/01/2019 15:15:00;Statale;VIA AURELIA;da specificare;;;;PROSSIMITA' GRA IN DIREZIONE CIVITAVECCHIA;Tamponamento;Rettilineo;Due carreggiate;Bagnato (pioggia);Asfaltata;Verticale ed orizzontale;Nuvoloso;Intenso;Buona;Ore Diurne;0;0;0;3;12.3821;41.885;-1;2;Autovettura privata;In marcia / fermata / arresto;Conducente;M;Illeso;0;;;
4203172;6;30/01/2019 16:30:00;Strada Urbana;VIA DI ACQUA BULLICANTE;in corrispondenza;;del civico n.;248;;Scontro frontale/laterale DX fra veicoli in marcia;Rettilineo;Una carreggiata a doppio senso;Bagnato (pioggia);Asfaltata;Orizzontale;Nuvoloso;Intenso;Buona;Ore Diurne;1;0;0;2;12.5425;41.8888;-1;1;Autovettura privata;In marcia / fermata / arresto;Conducente;F;Illeso;0;;Non accertato;Inesploso
4203172;6;30/01/2019 16:30:00;Strada Urbana;VIA DI ACQUA BULLICANTE;in corrispondenza;;del civico n.;248;;Scontro frontale/laterale DX fra veicoli in marcia;Rettilineo;Una carreggiata a doppio senso;Bagnato (pioggia);Asfaltata;Orizzontale;Nuvoloso;Intenso;Buona;Ore Diurne;1;0;0;2;12.5425;41.8888;-1;2;Motociclo con passeggero;In marcia / fermata / arresto;Conducente;M;Illeso;0;;Non accertato;
4203172;6;30/01/2019 16:30:00;Strada Urbana;VIA DI ACQUA BULLICANTE;in corrispondenza;;del civico n.;248;;Scontro frontale/laterale DX fra veicoli in marcia;Rettilineo;Una carreggiata a doppio senso;Bagnato (pioggia);Asfaltata;Orizzontale;Nuvoloso;Intenso;Buona;Ore Diurne;1;0;0;2;12.5425;41.8888;-1;2;Motociclo con passeggero;In marcia / fermata / arresto;Passeggero;F;Rimandato;0;NON DECEDUTO;Non accertato;
4203174;20;30/01/2019 16:15:00;Regionale entro l'abitato;VIA CASSIA;all'intersezione semaforizzata con;VIA ANTON GIULIO BRAGAGLIA;VIA ANTON GIULIO BRAGAGLIA;;;Tamponamento Multiplo;Intersezione semaforizzata;Una carreggiata a doppio senso;Bagnato (umidità in atto);Asfaltata;Verticale ed orizzontale;Nuvoloso;Intenso;Buona;Ore Diurne;1;0;0;2;12.3768;42.0219;-1;1;Autovettura privata;In marcia / fermata / arresto;Conducente;M;Illeso;0;;Non accertato;Inesploso
4203174;20;30/01/2019 16:15:00;Regionale entro l'abitato;VIA CASSIA;all'intersezione semaforizzata con;VIA ANTON GIULIO BRAGAGLIA;VIA ANTON GIULIO BRAGAGLIA;;;Tamponamento Multiplo;Intersezione semaforizzata;Una carreggiata a doppio senso;Bagnato (umidità in atto);Asfaltata;Verticale ed orizzontale;Nuvoloso;Intenso;Buona;Ore Diurne;1;0;0;2;12.3768;42.0219;-1;2;Autovettura privata;In marcia / fermata / arresto;Conducente;M;Illeso;0;;Non accertato;Inesploso
4203174;20;30/01/2019 16:15:00;Regionale entro l'abitato;VIA CASSIA;all'intersezione semaforizzata con;VIA ANTON GIULIO BRAGAGLIA;VIA ANTON GIULIO BRAGAGLIA;;;Tamponamento Multiplo;Intersezione semaforizzata;Una carreggiata a doppio senso;Bagnato (umidità in atto);Asfaltata;Verticale ed orizzontale;Nuvoloso;Intenso;Buona;Ore Diurne;1;0;0;2;12.3768;42.0219;-1;3;Autovettura privata;In marcia / fermata / arresto;Conducente;M;Rimandato;0;NON DECEDUTO;Non accertato;Esploso
4203194;7;30/01/2019 12:10:00;Strada Urbana;VIA VALERICO LACCETTI;all'intersezione con;VIA FRANCESCO VITALINI;VIA FRANCESCO VITALINI;;;Scontro frontale/laterale DX fra veicoli in marcia;Intersezione stradale segnalata;Una carreggiata a doppio senso;Bagnato (pioggia);Asfaltata;Verticale ed orizzontale;Pioggia in atto;Normale;Buona;Ore Diurne;0;0;0;2;12.6123;41.9087;-1;1;Autovettura privata;In marcia / fermata / arresto;Conducente;M;Illeso;0;;;
4203194;7;30/01/2019 12:10:00;Strada Urbana;VIA VALERICO LACCETTI;all'intersezione con;VIA FRANCESCO VITALINI;VIA FRANCESCO VITALINI;;;Scontro frontale/laterale DX fra veicoli in marcia;Intersezione stradale segnalata;Una carreggiata a doppio senso;Bagnato (pioggia);Asfaltata;Verticale ed orizzontale;Pioggia in atto;Normale;Buona;Ore Diurne;0;0;0;2;12.6123;41.9087;-1;2;Autovettura privata;In marcia / fermata / arresto;Conducente;M;Illeso;0;;;
4203203;13;30/01/2019 15:25:00;Strada Urbana;VIALE DEI ROMAGNOLI;da specificare;;;;pross. via di Dragoncello direz. Ostia Antica;Veicolo in marcia contro ostacolo accidentale;Rettilineo;Una carreggiata a doppio senso;Bagnato (pioggia);Con buche;Assente;Nuvoloso;Normale;Buona;Ore Diurne;0;0;0;1;12.3224;41.7691;-1;1;Autovettura privata;In marcia / fermata / arresto;Conducente;F;Illeso;0;;Non accertato;Inesploso
4203223;10;30/01/2019 16:35:00;Strada Urbana;VIALE BRUNO PELIZZI;in prossimità;;del palo luce n.;15;;Ribaltamento senza urto contro ostacolo fisso;Curva senza visuale libera;Due carreggiate;Bagnato (pioggia);Asfaltata;Assente;Pioggia in atto;Normale;Buona;Ore Diurne;1;0;0;0;12.5839;41.8564;-1;1;Autovettura privata;In marcia / fermata / arresto;Conducente;M;Rimandato;0;NON DECEDUTO;Non accertato;Inesploso
4203255;13;30/01/2019 13:00:00;Strada Urbana;VIA DI ACILIA;all'intersezione con;VIA GIANFILIPPO USELLINI;VIA GIANFILIPPO USELLINI;;;Scontro frontale/laterale SX fra veicoli in marcia;Intersezione stradale segnalata;Una carreggiata a doppio senso;Bagnato (pioggia);Asfaltata;Verticale;Pioggia in atto;Normale;Buona;Ore Diurne;0;0;0;2;12.3714;41.7737;-1;1;Autovettura privata;In marcia / fermata / arresto;Conducente;M;Illeso;0;;Non accertato;Inesploso
4203255;13;30/01/2019 13:00:00;Strada Urbana;VIA DI ACILIA;all'intersezione con;VIA GIANFILIPPO USELLINI;VIA GIANFILIPPO USELLINI;;;Scontro frontale/laterale SX fra veicoli in marcia;Intersezione stradale segnalata;Una carreggiata a doppio senso;Bagnato (pioggia);Asfaltata;Verticale;Pioggia in atto;Normale;Buona;Ore Diurne;0;0;0;2;12.3714;41.7737;-1;2;Autovettura privata;In marcia / fermata / arresto;Conducente;M;Illeso;0;;Non accertato;Inesploso
4203304;18;30/01/2019 16:05:00;Strada Urbana;VIA DI BOCCEA;in prossimità;;del civico n.;527A;;Scontro frontale fra veicoli in marcia;Rettilineo;Una carreggiata a doppio senso;Bagnato (umidità in atto);Asfaltata;Orizzontale;Nuvoloso;Intenso;Buona;Ore Diurne;0;0;0;3;12.3872;41.9142;-1;1;Autovettura privata;In marcia / fermata / arresto;Conducente;M;Illeso;0;;Non accertato;Inesploso
4203304;18;30/01/2019 16:05:00;Strada Urbana;VIA DI BOCCEA;in prossimità;;del civico n.;527A;;Scontro frontale fra veicoli in marcia;Rettilineo;Una carreggiata a doppio senso;Bagnato (umidità in atto);Asfaltata;Orizzontale;Nuvoloso;Intenso;Buona;Ore Diurne;0;0;0;3;12.3872;41.9142;-1;1;Autovettura privata;In marcia / fermata / arresto;Passeggero;F;Illeso;0;;;
4203304;18;30/01/2019 16:05:00;Strada Urbana;VIA DI BOCCEA;in prossimità;;del civico n.;527A;;Scontro frontale fra veicoli in marcia;Rettilineo;Una carreggiata a doppio senso;Bagnato (umidità in atto);Asfaltata;Orizzontale;Nuvoloso;Intenso;Buona;Ore Diurne;0;0;0;3;12.3872;41.9142;-1;2;Autovettura pubblica;In marcia / fermata / arresto;Conducente;M;Illeso;0;;;
4203325;2;30/01/2019 18:00:00;Strada Urbana;VIA NIZZA;all'intersezione con;VIA BRESCIA;VIA BRESCIA;;;Scontro frontale/laterale DX fra veicoli in marcia;Intersezione semaforizzata;Una carreggiata a senso unico di marcia;Bagnato (pioggia);Asfaltata;Verticale ed orizzontale;Pioggia in atto;Normale;Sufficiente;Sufficiente;1;0;0;1;12.5;41.9123;-1;1;Motociclo a solo;In marcia / fermata / arresto;Conducente;M;Rimandato;0;NON DECEDUTO;Utilizzato;
4203325;2;30/01/2019 18:00:00;Strada Urbana;VIA NIZZA;all'intersezione con;VIA BRESCIA;VIA BRESCIA;;;Scontro frontale/laterale DX fra veicoli in marcia;Intersezione semaforizzata;Una carreggiata a senso unico di marcia;Bagnato (pioggia);Asfaltata;Verticale ed orizzontale;Pioggia in atto;Normale;Sufficiente;Sufficiente;1;0;0;1;12.5;41.9123;-1;2;Autovettura privata;In marcia / fermata / arresto;Conducente;M;Illeso;0;;;
4203399;15;30/01/2019 13:15:00;Strada Urbana;PIAZZA ANTONIO MEUCCI;all'intersezione con;LUNGOTEVERE DEGLI INVENTORI;LUNGOTEVERE DEGLI INVENTORI;;;Scontro laterale fra veicoli in marcia;Intersezione semaforizzata;Due carreggiate;Bagnato (pioggia);Asfaltata;Verticale ed orizzontale;Sereno;Normale;Buona;Ore Diurne;0;0;0;2;12.4631;41.8618;-1;1;Autocarro superiore 35 q.;In marcia / fermata / arresto;Conducente;M;Illeso;0;;Non accertato;
4203399;15;30/01/2019 13:15:00;Strada Urbana;PIAZZA ANTONIO MEUCCI;all'intersezione con;LUNGOTEVERE DEGLI INVENTORI;LUNGOTEVERE DEGLI INVENTORI;;;Scontro laterale fra veicoli in marcia;Intersezione semaforizzata;Due carreggiate;Bagnato (pioggia);Asfaltata;Verticale ed orizzontale;Sereno;Normale;Buona;Ore Diurne;0;0;0;2;12.4631;41.8618;-1;2;Autovettura privata;In marcia / fermata / arresto;Conducente;M;Illeso;0;;Non accertato;
4203402;9;30/01/2019 14:20:00;Strada Urbana;VIA AOSTA;in corrispondenza;;del civico n.;56;;Scontro laterale fra veicoli in marcia;Rettilineo;Una carreggiata a doppio senso;Bagnato (pioggia);Asfaltata;Verticale ed orizzontale;Nuvoloso;Normale;Buona;Ore Diurne;0;0;0;2;12.5149;41.884;-1;1;Autocarro inferiore 35 q.;In marcia / fermata / arresto;Conducente;M;Illeso;0;;Utilizzato;Inesploso
4203402;9;30/01/2019 14:20:00;Strada Urbana;VIA AOSTA;in corrispondenza;;del civico n.;56;;Scontro laterale fra veicoli in marcia;Rettilineo;Una carreggiata a doppio senso;Bagnato (pioggia);Asfaltata;Verticale ed orizzontale;Nuvoloso;Normale;Buona;Ore Diurne;0;0;0;2;12.5149;41.884;-1;2;Autovettura privata;In marcia / fermata / arresto;Conducente;M;Illeso;0;;Utilizzato;Inesploso
4203409;15;30/01/2019 16:15:00;Strada Urbana;VIA DEL TRULLO;in corrispondenza;;del civico n.;422;;Scontro frontale/laterale DX fra veicoli in marcia;Rettilineo;Una carreggiata a doppio senso;Bagnato (pioggia);Asfaltata;Orizzontale;Pioggia in atto;Normale;Buona;Ore Diurne;0;0;0;2;12.437;41.8408;-1;1;Motociclo a solo;In marcia / fermata / arresto;Conducente;M;Illeso;0;;Utilizzato;
4203409;15;30/01/2019 16:15:00;Strada Urbana;VIA DEL TRULLO;in corrispondenza;;del civico n.;422;;Scontro frontale/laterale DX fra veicoli in marcia;Rettilineo;Una carreggiata a doppio senso;Bagnato (pioggia);Asfaltata;Orizzontale;Pioggia in atto;Normale;Buona;Ore Diurne;0;0;0;2;12.437;41.8408;-1;2;Autovettura privata;In marcia / fermata / arresto;Conducente;M;Illeso;0;;;
4203424;15;30/01/2019 17:00:00;Strada Urbana;VIA ETTORE ROLLI;da specificare;;;;INIZIO FORNICE LATERALE DIR. P.ZZA DELLA RADIO;Veicolo in marcia contro ostacolo accidentale;Rettilineo;Una carreggiata a doppio senso;Bagnato (pioggia);Asfaltata;Verticale ed orizzontale;Pioggia in atto;Normale;Buona;Sufficiente;0;0;0;2;12.4676;41.8743;-1;1;Autovettura privata;In marcia / fermata / arresto;Conducente;M;Illeso;0;;Utilizzato;Inesploso
4203424;15;30/01/2019 17:00:00;Strada Urbana;VIA ETTORE ROLLI;da specificare;;;;INIZIO FORNICE LATERALE DIR. P.ZZA DELLA RADIO;Veicolo in marcia contro ostacolo accidentale;Rettilineo;Una carreggiata a doppio senso;Bagnato (pioggia);Asfaltata;Verticale ed orizzontale;Pioggia in atto;Normale;Buona;Sufficiente;0;0;0;2;12.4676;41.8743;-1;1;Autovettura privata;In marcia / fermata / arresto;Passeggero;F;Illeso;0;;Utilizzato;Inesploso
4203452;15;30/01/2019 18:00:00;Strada Urbana;VIA PORTUENSE;in prossimità;;del civico n.;798;;Investimento di pedone;Rettilineo;Una carreggiata a doppio senso;Bagnato (pioggia);Asfaltata;Verticale ed orizzontale;Pioggia in atto;Normale;Sufficiente;Sufficiente;1;0;0;1;12.4211;41.8502;-1;;;;Pedone;F;Rimandato;0;NON DECEDUTO;;
4203452;15;30/01/2019 18:00:00;Strada Urbana;VIA PORTUENSE;in prossimità;;del civico n.;798;;Investimento di pedone;Rettilineo;Una carreggiata a doppio senso;Bagnato (pioggia);Asfaltata;Verticale ed orizzontale;Pioggia in atto;Normale;Sufficiente;Sufficiente;1;0;0;1;12.4211;41.8502;-1;1;Motociclo a solo;In marcia / fermata / arresto;Conducente;M;Illeso;0;;Utilizzato;
4203462;15;30/01/2019 14:35:00;Strada Urbana;VIA ODERISI DA GUBBIO;in corrispondenza;;del civico n.;218;;Tamponamento;Rettilineo;Una carreggiata a doppio senso;Bagnato (pioggia);Asfaltata;Orizzontale;Pioggia in atto;Normale;Sufficiente;Ore Diurne;0;0;0;2;12.4644;41.864;-1;1;Autovettura privata;In marcia / fermata / arresto;Conducente;M;Illeso;0;;Utilizzato;Inesploso
4203462;15;30/01/2019 14:35:00;Strada Urbana;VIA ODERISI DA GUBBIO;in corrispondenza;;del civico n.;218;;Tamponamento;Rettilineo;Una carreggiata a doppio senso;Bagnato (pioggia);Asfaltata;Orizzontale;Pioggia in atto;Normale;Sufficiente;Ore Diurne;0;0;0;2;12.4644;41.864;-1;2;Autovettura privata;In marcia / fermata / arresto;Conducente;F;Illeso;0;;Utilizzato;Inesploso
4203798;9;30/01/2019 20:15:00;Strada Urbana;VIA MIRANDOLA;all'intersezione con;VIA S. ANTONIO MARIA GIANELLI;VIA S. ANTONIO MARIA GIANELLI;;;Scontro frontale/laterale DX fra veicoli in marcia;Incrocio;Una carreggiata a senso unico di marcia;Bagnato (pioggia);Asfaltata;Verticale ed orizzontale;Pioggia in atto;Scarso;Sufficiente;Sufficiente;1;0;0;1;12.5245;41.8829;-1;1;Autovettura privata;In marcia / fermata / arresto;Conducente;M;Illeso;0;;Non accertato;Inesploso
4203798;9;30/01/2019 20:15:00;Strada Urbana;VIA MIRANDOLA;all'intersezione con;VIA S. ANTONIO MARIA GIANELLI;VIA S. ANTONIO MARIA GIANELLI;;;Scontro frontale/laterale DX fra veicoli in marcia;Incrocio;Una carreggiata a senso unico di marcia;Bagnato (pioggia);Asfaltata;Verticale ed orizzontale;Pioggia in atto;Scarso;Sufficiente;Sufficiente;1;0;0;1;12.5245;41.8829;-1;2;Autovettura privata;In marcia / fermata / arresto;Conducente;M;Rimandato;0;NON DECEDUTO;Non accertato;Inesploso
4203798;9;30/01/2019 20:15:00;Strada Urbana;VIA MIRANDOLA;all'intersezione con;VIA S. ANTONIO MARIA GIANELLI;VIA S. ANTONIO MARIA GIANELLI;;;Scontro frontale/laterale DX fra veicoli in marcia;Incrocio;Una carreggiata a senso unico di marcia;Bagnato (pioggia);Asfaltata;Verticale ed orizzontale;Pioggia in atto;Scarso;Sufficiente;Sufficiente;1;0;0;1;12.5245;41.8829;-1;3;Autovettura privata;Sosta;;;;;;;
4203799;8;30/01/2019 16:00:00;Comunale extraurbana;VIA DI LUNGHEZZINA;in prossimità;;del palo luce n.;558;;Fuoriuscita dalla sede stradale;Rettilineo;Una carreggiata a doppio senso;Bagnato (pioggia);Asfaltata;Orizzontale;Nuvoloso;Normale;Buona;Ore Diurne;0;0;0;2;12.707;41.9296;-1;1;Autovettura privata;In marcia / fermata / arresto;Conducente;F;Illeso;0;;Non accertato;Inesploso
4203799;8;30/01/2019 16:00:00;Comunale extraurbana;VIA DI LUNGHEZZINA;in prossimità;;del palo luce n.;558;;Fuoriuscita dalla sede stradale;Rettilineo;Una carreggiata a doppio senso;Bagnato (pioggia);Asfaltata;Orizzontale;Nuvoloso;Normale;Buona;Ore Diurne;0;0;0;2;12.707;41.9296;-1;1;Autovettura privata;In marcia / fermata / arresto;Passeggero;M;Illeso;0;;Non accertato;Inesploso
4203801;8;30/01/2019 10:50:00;Strada Urbana;VIA PIETRO SANTO BARTOLI;all'intersezione con;VIA PIETRO PAOLO TROMPEO;VIA PIETRO PAOLO TROMPEO;;;Scontro frontale/laterale SX fra veicoli in marcia;Incrocio;Una carreggiata a doppio senso;Bagnato (pioggia);Asfaltata;Verticale;Pioggia in atto;Scarso;Sufficiente;Ore Diurne;1;0;0;1;12.6204;41.8693;-1;1;Autovettura privata;In marcia / fermata / arresto;Conducente;M;Illeso;0;;Non accertato;Inesploso
4203801;8;30/01/2019 10:50:00;Strada Urbana;VIA PIETRO SANTO BARTOLI;all'intersezione con;VIA PIETRO PAOLO TROMPEO;VIA PIETRO PAOLO TROMPEO;;;Scontro frontale/laterale SX fra veicoli in marcia;Incrocio;Una carreggiata a doppio senso;Bagnato (pioggia);Asfaltata;Verticale;Pioggia in atto;Scarso;Sufficiente;Ore Diurne;1;0;0;1;12.6204;41.8693;-1;2;Autovettura privata;In marcia / fermata / arresto;Conducente;M;Rifiuta cure immediate;0;NON DECEDUTO;Non accertato;Inesploso
4203807;8;30/01/2019 14:45:00;Strada Urbana;VIA DI VERMICINO;in corrispondenza;;del civico n.;159;;Tamponamento Multiplo;Rettilineo;Una carreggiata a doppio senso;Bagnato (pioggia);Fondo naturale;Verticale ed orizzontale;Nuvoloso;Normale;Buona;Ore Diurne;1;0;0;3;12.6741;41.8535;-1;1;Autovettura privata;In marcia / fermata / arresto;Conducente;M;Rifiuta cure immediate;0;NON DECEDUTO;Non accertato;Inesploso
4203807;8;30/01/2019 14:45:00;Strada Urbana;VIA DI VERMICINO;in corrispondenza;;del civico n.;159;;Tamponamento Multiplo;Rettilineo;Una carreggiata a doppio senso;Bagnato (pioggia);Fondo naturale;Verticale ed orizzontale;Nuvoloso;Normale;Buona;Ore Diurne;1;0;0;3;12.6741;41.8535;-1;2;Autovettura privata;In marcia / fermata / arresto;Conducente;M;Illeso;0;;Non accertato;Inesploso
4203807;8;30/01/2019 14:45:00;Strada Urbana;VIA DI VERMICINO;in corrispondenza;;del civico n.;159;;Tamponamento Multiplo;Rettilineo;Una carreggiata a doppio senso;Bagnato (pioggia);Fondo naturale;Verticale ed orizzontale;Nuvoloso;Normale;Buona;Ore Diurne;1;0;0;3;12.6741;41.8535;-1;3;Autocarro inferiore 35 q.;In marcia / fermata / arresto;Conducente;M;Illeso;0;;Non accertato;Inesploso
4203807;8;30/01/2019 14:45:00;Strada Urbana;VIA DI VERMICINO;in corrispondenza;;del civico n.;159;;Tamponamento Multiplo;Rettilineo;Una carreggiata a doppio senso;Bagnato (pioggia);Fondo naturale;Verticale ed orizzontale;Nuvoloso;Normale;Buona;Ore Diurne;1;0;0;3;12.6741;41.8535;-1;3;Autocarro inferiore 35 q.;In marcia / fermata / arresto;Passeggero;M;Illeso;0;;Non accertato;Inesploso
4203808;7;30/01/2019 22:00:00;Provinciale entro l'abitato;VIA PRENESTINA;in prossimità;;del civico n.;1185;;Scontro frontale/laterale SX fra veicoli in marcia;Rettilineo;Una carreggiata a doppio senso;Asciutto;Asfaltata;Verticale ed orizzontale;Nuvoloso;Normale;Sufficiente;Sufficiente;1;0;0;0;12.6295;41.8926;-1;1;Autovettura privata;In marcia / fermata / arresto;;;;;;;
4203808;7;30/01/2019 22:00:00;Provinciale entro l'abitato;VIA PRENESTINA;in prossimità;;del civico n.;1185;;Scontro frontale/laterale SX fra veicoli in marcia;Rettilineo;Una carreggiata a doppio senso;Asciutto;Asfaltata;Verticale ed orizzontale;Nuvoloso;Normale;Sufficiente;Sufficiente;1;0;0;0;12.6295;41.8926;-1;2;Autovettura privata;In marcia / fermata / arresto;Conducente;M;Rimandato;0;NON DECEDUTO;Non accertato;Inesploso
4203809;15;30/01/2019 22:15:00;Strada Urbana;VIA PORTUENSE;in corrispondenza;;del civico n.;332;;Scontro laterale fra veicoli in marcia;Rettilineo;Una carreggiata a doppio senso;Bagnato (pioggia);Asfaltata;Orizzontale;Pioggia in atto;Normale;Buona;Sufficiente;2;0;0;1;12.4542;41.8633;-1;1;Autovettura privata;In marcia / fermata / arresto;Conducente;F;Rimandato;0;NON DECEDUTO;;Esploso
4203809;15;30/01/2019 22:15:00;Strada Urbana;VIA PORTUENSE;in corrispondenza;;del civico n.;332;;Scontro laterale fra veicoli in marcia;Rettilineo;Una carreggiata a doppio senso;Bagnato (pioggia);Asfaltata;Orizzontale;Pioggia in atto;Normale;Buona;Sufficiente;2;0;0;1;12.4542;41.8633;-1;2;Autovettura privata;In marcia / fermata / arresto;Conducente;M;Illeso;0;;Utilizzato;Esploso
4203809;15;30/01/2019 22:15:00;Strada Urbana;VIA PORTUENSE;in corrispondenza;;del civico n.;332;;Scontro laterale fra veicoli in marcia;Rettilineo;Una carreggiata a doppio senso;Bagnato (pioggia);Asfaltata;Orizzontale;Pioggia in atto;Normale;Buona;Sufficiente;2;0;0;1;12.4542;41.8633;-1;2;Autovettura privata;In marcia / fermata / arresto;Passeggero;M;Rimandato;0;NON DECEDUTO;;
4203813;6;30/01/2019 20:45:00;Strada Urbana;VIA SICULIANA;da specificare;;;;altezza Via Termini Imerese;Veicolo in marcia contro ostacolo accidentale;Rettilineo;Una carreggiata a doppio senso;Bagnato (pioggia);Con buche;Assente;Pioggia in atto;Scarso;Sufficiente;Sufficiente;0;0;0;1;12.6553;41.8701;-1;1;Autovettura privata;In marcia / fermata / arresto;Conducente;M;Illeso;0;;;
4203814;8;30/01/2019 18:40:00;Strada Urbana;VIA MASSA DI SAN GIULIANO;da specificare;;;;fronte civico 467;Tamponamento Multiplo;Rettilineo;Una carreggiata a doppio senso;Bagnato (pioggia);Asfaltata;Verticale ed orizzontale;Pioggia in atto;Intenso;Buona;Sufficiente;1;0;0;3;12.6918;41.9062;-1;1;Autovettura privata;In marcia / fermata / arresto;Conducente;F;Rifiuta cure immediate;0;NON DECEDUTO;;
4203814;8;30/01/2019 18:40:00;Strada Urbana;VIA MASSA DI SAN GIULIANO;da specificare;;;;fronte civico 467;Tamponamento Multiplo;Rettilineo;Una carreggiata a doppio senso;Bagnato (pioggia);Asfaltata;Verticale ed orizzontale;Pioggia in atto;Intenso;Buona;Sufficiente;1;0;0;3;12.6918;41.9062;-1;2;Autovettura privata;In marcia / fermata / arresto;Conducente;F;Illeso;0;;;
4203814;8;30/01/2019 18:40:00;Strada Urbana;VIA MASSA DI SAN GIULIANO;da specificare;;;;fronte civico 467;Tamponamento Multiplo;Rettilineo;Una carreggiata a doppio senso;Bagnato (pioggia);Asfaltata;Verticale ed orizzontale;Pioggia in atto;Intenso;Buona;Sufficiente;1;0;0;3;12.6918;41.9062;-1;2;Autovettura privata;In marcia / fermata / arresto;Passeggero;M;Illeso;0;;;
4203814;8;30/01/2019 18:40:00;Strada Urbana;VIA MASSA DI SAN GIULIANO;da specificare;;;;fronte civico 467;Tamponamento Multiplo;Rettilineo;Una carreggiata a doppio senso;Bagnato (pioggia);Asfaltata;Verticale ed orizzontale;Pioggia in atto;Intenso;Buona;Sufficiente;1;0;0;3;12.6918;41.9062;-1;3;Autocarro inferiore 35 q.;In marcia / fermata / arresto;Conducente;M;Illeso;0;;;
4203818;8;30/01/2019 14:05:00;Strada Urbana;VIA ALIFE;all'intersezione con;VIA PAGANI;VIA PAGANI;;;Scontro laterale fra veicoli in marcia;Incrocio;Una carreggiata a senso unico di marcia;Bagnato (pioggia);Asfaltata;Verticale ed orizzontale;Nuvoloso;Scarso;Sufficiente;Ore Diurne;0;0;0;2;12.6297;41.8937;-1;1;Autovettura privata;In marcia / fermata / arresto;Conducente;F;Illeso;0;;Non accertato;Inesploso
4203818;8;30/01/2019 14:05:00;Strada Urbana;VIA ALIFE;all'intersezione con;VIA PAGANI;VIA PAGANI;;;Scontro laterale fra veicoli in marcia;Incrocio;Una carreggiata a senso unico di marcia;Bagnato (pioggia);Asfaltata;Verticale ed orizzontale;Nuvoloso;Scarso;Sufficiente;Ore Diurne;0;0;0;2;12.6297;41.8937;-1;2;Autovettura privata;In marcia / fermata / arresto;Conducente;M;Illeso;0;;Non accertato;Inesploso