Protocollo;Gruppo;DataOraIncidente;Localizzazione1;STRADA1;Localizzazione2;STRADA2;Strada02;Chilometrica;DaSpecificare;NaturaIncidente;particolaritastrade;TipoStrada;FondoStradale;Pavimentazione;Segnaletica;CondizioneAtmosferica;Traffico;Visibilita;Illuminazione;NUM_FERITI;NUM_RISERVATA;NUM_MORTI;NUM_ILLESI;Longitudine;Latitudine;Confermato;Progressivo;TipoVeicolo;StatoVeicolo;TipoPersona;Sesso;Tipolesione;Deceduto;DecedutoDopo;CinturaCascoUtilizzato;Airbag;
4204475;4;30/01/2019 20:00:00;Strada Urbana;PIAZZA GIUSEPPE PRIMOLI;all'intersezione con;VIA ARTURO GRAF;VIA ARTURO GRAF;;;Scontro laterale fra veicoli in marcia;Incrocio;Due carreggiate;Bagnato (pioggia);Asfaltata;Verticale ed orizzontale;Pioggia in atto;Intenso;Sufficiente;Sufficiente;1;0;0;3;12.5529;41.9452;-1;1;Autovettura privata;In marcia / fermata / arresto;Conducente;M;Rimandato;0;NON DECEDUTO;Non accertato;Inesploso
4204475;4;30/01/2019 20:00:00;Strada Urbana;PIAZZA GIUSEPPE PRIMOLI;all'intersezione con;VIA ARTURO GRAF;VIA ARTURO GRAF;;;Scontro laterale fra veicoli in marcia;Incrocio;Due carreggiate;Bagnato (pioggia);Asfaltata;Verticale ed orizzontale;Pioggia in atto;Intenso;Sufficiente;Sufficiente;1;0;0;3;12.5529;41.9452;-1;1;Autovettura privata;In marcia / fermata / arresto;Passeggero;F;Illeso;0;;Non accertato;Inesploso
4204475;4;30/01/2019 20:00:00;Strada Urbana;PIAZZA GIUSEPPE PRIMOLI;all'intersezione con;VIA ARTURO GRAF;VIA ARTURO GRAF;;;Scontro laterale fra veicoli in marcia;Incrocio;Due carreggiate;Bagnato (pioggia);Asfaltata;Verticale ed orizzontale;Pioggia in atto;Intenso;Sufficiente;Sufficiente;1;0;0;3;12.5529;41.9452;-1;2;Autovettura privata;In marcia / fermata / arresto;Conducente;M;Illeso;0;;Non accertato;Inesploso
4204475;4;30/01/2019 20:00:00;Strada Urbana;PIAZZA GIUSEPPE PRIMOLI;all'intersezione con;VIA ARTURO GRAF;VIA ARTURO GRAF;;;Scontro laterale fra veicoli in marcia;Incrocio;Due carreggiate;Bagnato (pioggia);Asfaltata;Verticale ed orizzontale;Pioggia in atto;Intenso;Sufficiente;Sufficiente;1;0;0;3;12.5529;41.9452;-1;2;Autovettura privata;In marcia / fermata / arresto;Passeggero;F;Illeso;0;;Non accertato;Inesploso
4204476;13;31/01/2019 11:10:00;Comunale extraurbana;VIA DEL MARE;da specificare;;;;KM 16+400;Veicolo in marcia contro ostacolo fisso;Rettilineo;Una carreggiata a doppio senso;Asciutto;Asfaltata;Verticale ed orizzontale;Nuvoloso;Normale;Buona;Ore Diurne;0;0;0;3;12.4632;41.8403;-1;1;Autovettura privata;In marcia / fermata / arresto;Conducente;F;Illeso;0;;Non accertato;Inesploso
4204476;13;31/01/2019 11:10:00;Comunale extraurbana;VIA DEL MARE;da specificare;;;;KM 16+400;Veicolo in marcia contro ostacolo fisso;Rettilineo;Una carreggiata a doppio senso;Asciutto;Asfaltata;Verticale ed orizzontale;Nuvoloso;Normale;Buona;Ore Diurne;0;0;0;3;12.4632;41.8403;-1;1;Autovettura privata;In marcia / fermata / arresto;Passeggero;M;Illeso;0;;Non accertato;Inesploso
4204476;13;31/01/2019 11:10:00;Comunale extraurbana;VIA DEL MARE;da specificare;;;;KM 16+400;Veicolo in marcia contro ostacolo fisso;Rettilineo;Una carreggiata a doppio senso;Asciutto;Asfaltata;Verticale ed orizzontale;Nuvoloso;Normale;Buona;Ore Diurne;0;0;0;3;12.4632;41.8403;-1;1;Autovettura privata;In marcia / fermata / arresto;Passeggero;F;Illeso;0;;Non accertato;Inesploso
4204480;20;31/01/2019 08:00:00;Strada Urbana;VIALE DEL FORO ITALICO;da specificare;;;;dir. Salaria prima dell'ingresso galleria Fleming;Veicolo in marcia contro ostacolo accidentale;Rettilineo;Due carreggiate;Bagnato (umidità in atto);Asfaltata;Verticale ed orizzontale;Sereno;Normale;Buona;Ore Diurne;0;0;0;1;12.4572;41.9326;-1;1;Motociclo a solo;In marcia / fermata / arresto;Conducente;M;Illeso;0;;Non accertato;
4204506;12;31/01/2019 00:10:00;Strada Urbana;VIA CRISTOFORO COLOMBO;da specificare;;;;ALTEZZA  LAGHETTO DIREZIONE G.R.A.;Veicolo in marcia contro ostacolo fisso;Curva a visuale libera;Una carreggiata a senso unico di marcia;Bagnato (pioggia);Asfaltata;Verticale ed orizzontale;Pioggia in atto;Scarso;Buona;Sufficiente;0;0;0;3;12.4121;41.786;-1;1;Autovettura privata;In marcia / fermata / arresto;Conducente;F;Illeso;0;;;
4204506;12;31/01/2019 00:10:00;Strada Urbana;VIA CRISTOFORO COLOMBO;da specificare;;;;ALTEZZA  LAGHETTO DIREZIONE G.R.A.;Veicolo in marcia contro ostacolo fisso;Curva a visuale libera;Una carreggiata a senso unico di marcia;Bagnato (pioggia);Asfaltata;Verticale ed orizzontale;Pioggia in atto;Scarso;Buona;Sufficiente;0;0;0;3;12.4121;41.786;-1;1;Autovettura privata;In marcia / fermata / arresto;Passeggero;M;Illeso;0;;Utilizzato;
4204506;12;31/01/2019 00:10:00;Strada Urbana;VIA CRISTOFORO COLOMBO;da specificare;;;;ALTEZZA  LAGHETTO DIREZIONE G.R.A.;Veicolo in marcia contro ostacolo fisso;Curva a visuale libera;Una carreggiata a senso unico di marcia;Bagnato (pioggia);Asfaltata;Verticale ed orizzontale;Pioggia in atto;Scarso;Buona;Sufficiente;0;0;0;3;12.4121;41.786;-1;2;Autovettura privata;In marcia / fermata / arresto;Conducente;F;Illeso;0;;Utilizzato;
4204516;1;31/01/2019 08:50:00;Strada Urbana;CORSO VITTORIO EMANUELE II;in prossimità;;del civico n.;292;;Investimento di pedone;Rettilineo;Una carreggiata a doppio senso;Asciutto;Asfaltata;Verticale ed orizzontale;Sereno;Normale;Buona;Ore Diurne;1;0;1;0;12.4671;41.8991;-1;;;;Pedone;M;Prognosi riservata;0;DECEDUTO ENTRO 2 MESI;;
4204516;1;31/01/2019 08:50:00;Strada Urbana;CORSO VITTORIO EMANUELE II;in prossimità;;del civico n.;292;;Investimento di pedone;Rettilineo;Una carreggiata a doppio senso;Asciutto;Asfaltata;Verticale ed orizzontale;Sereno;Normale;Buona;Ore Diurne;1;0;1;0;12.4671;41.8991;-1;1;Motociclo a solo;In marcia / fermata / arresto;Conducente;M;Rimandato;0;NON DECEDUTO;Non accertato;
4204531;2;25/01/2019 21:00:00;Strada Urbana;PIAZZALE DON GIOVANNI MINZONI;all'intersezione con;VIA GIUSEPPE DE NOTARIS;VIA GIUSEPPE DE NOTARIS;;;Veicolo in marcia contro ostacolo accidentale;Incrocio;Una carreggiata a senso unico di marcia;Asciutto;Asfaltata;Verticale ed orizzontale;Sereno;Normale;Buona;Sufficiente;0;0;0;1;12.48;41.9203;-1;1;Autovettura pubblica;In marcia / fermata / arresto;Conducente;M;Illeso;0;;;
4204576;20;31/01/2019 12:55:00;Strada Urbana;VIALE DEL FORO ITALICO;in corrispondenza;;del palo luce n.;97;;Veicolo in marcia contro ostacolo accidentale;Curva a visuale libera;Due carreggiate;Asciutto;Asfaltata;Verticale ed orizzontale;Nuvoloso;Normale;Buona;Ore Diurne;0;0;0;1;12.4572;41.9326;-1;1;Motociclo a solo;In marcia / fermata / arresto;Conducente;M;Illeso;0;;Non accertato;
4204601;4;30/01/2019 18:07:00;Strada Urbana;PIAZZALE JONIO;in corrispondenza;;del civico n.;53;;Scontro laterale fra veicoli in marcia;Rettilineo;Due carreggiate;Bagnato (pioggia);Asfaltata;Verticale ed orizzontale;Pioggia in atto;Intenso;Buona;Sufficiente;0;0;0;3;12.5264;41.9463;-1;1;Autovettura privata;In marcia / fermata / arresto;Conducente;M;Illeso;0;;Non accertato;
4204601;4;30/01/2019 18:07:00;Strada Urbana;PIAZZALE JONIO;in corrispondenza;;del civico n.;53;;Scontro laterale fra veicoli in marcia;Rettilineo;Due carreggiate;Bagnato (pioggia);Asfaltata;Verticale ed orizzontale;Pioggia in atto;Intenso;Buona;Sufficiente;0;0;0;3;12.5264;41.9463;-1;1;Autovettura privata;In marcia / fermata / arresto;Passeggero;F;Illeso;0;;Non accertato;
4204601;4;30/01/2019 18:07:00;Strada Urbana;PIAZZALE JONIO;in corrispondenza;;del civico n.;53;;Scontro laterale fra veicoli in marcia;Rettilineo;Due carreggiate;Bagnato (pioggia);Asfaltata;Verticale ed orizzontale;Pioggia in atto;Intenso;Buona;Sufficiente;0;0;0;3;12.5264;41.9463;-1;2;Autovettura privata;In marcia / fermata / arresto;Conducente;M;Illeso;0;;Non accertato;
4204691;12;31/01/2019 12:15:00;Strada Urbana;VIADOTTO DELLA MAGLIANA;in prossimità;;del palo luce n.;24;;Tamponamento Multiplo;Rettilineo;Due carreggiate;Bagnato (umidità in atto);Asfaltata;Temporanea di cantiere;Nuvoloso;Normale;Buona;Ore Diurne;1;0;0;2;12.4631;41.8417;-1;1;Autovettura privata;In marcia / fermata / arresto;Conducente;M;Rimandato;0;NON DECEDUTO;Non accertato;Inesploso
4204691;12;31/01/2019 12:15:00;Strada Urbana;VIADOTTO DELLA MAGLIANA;in prossimità;;del palo luce n.;24;;Tamponamento Multiplo;Rettilineo;Due carreggiate;Bagnato (umidità in atto);Asfaltata;Temporanea di cantiere;Nuvoloso;Normale;Buona;Ore Diurne;1;0;0;2;12.4631;41.8417;-1;2;Autovettura privata;In marcia / fermata / arresto;Conducente;M;Illeso;0;;Non accertato;Inesploso
4204691;12;31/01/2019 12:15:00;Strada Urbana;VIADOTTO DELLA MAGLIANA;in prossimità;;del palo luce n.;24;;Tamponamento Multiplo;Rettilineo;Due carreggiate;Bagnato (umidità in atto);Asfaltata;Temporanea di cantiere;Nuvoloso;Normale;Buona;Ore Diurne;1;0;0;2;12.4631;41.8417;-1;3;Autovettura privata;In marcia / fermata / arresto;Conducente;M;Illeso;0;;Non accertato;Inesploso
4204736;15;31/01/2019 12:30:00;Strada Urbana;PIAZZA ENRICO FERMI;all'intersezione con;VIA FRANCESCO GRIMALDI;VIA FRANCESCO GRIMALDI;;;Infortunio per sola frenata improvvisa;Intersezione semaforizzata;Due carreggiate;Bagnato (umidità in atto);Asfaltata;Verticale ed orizzontale;Nuvoloso;Normale;Buona;Ore Diurne;1;0;0;1;12.4696;41.8643;-1;;;;Pedone;M;Illeso;0;;;
4204736;15;31/01/2019 12:30:00;Strada Urbana;PIAZZA ENRICO FERMI;all'intersezione con;VIA FRANCESCO GRIMALDI;VIA FRANCESCO GRIMALDI;;;Infortunio per sola frenata improvvisa;Intersezione semaforizzata;Due carreggiate;Bagnato (umidità in atto);Asfaltata;Verticale ed orizzontale;Nuvoloso;Normale;Buona;Ore Diurne;1;0;0;1;12.4696;41.8643;-1;1;Motociclo a solo;In marcia / fermata / arresto;Conducente;F;Rimandato;0;NON DECEDUTO;Non accertato;
4204780;10;31/01/2019 14:20:00;Strada Urbana;PIAZZA S. GIOVANNI BOSCO;all'intersezione con;VIALE MARCO FULVIO NOBILIORE;VIALE MARCO FULVIO NOBILIORE;;;Scontro frontale/laterale DX fra veicoli in marcia;Incrocio;Due carreggiate;Asciutto;Asfaltata;Verticale ed orizzontale;Sereno;Normale;Buona;Ore Diurne;0;0;0;3;12.5647;41.8587;-1;1;Autovettura privata;In marcia / fermata / arresto;Conducente;M;Illeso;0;;Non accertato;Esploso
4204780;10;31/01/2019 14:20:00;Strada Urbana;PIAZZA S. GIOVANNI BOSCO;all'intersezione con;VIALE MARCO FULVIO NOBILIORE;VIALE MARCO FULVIO NOBILIORE;;;Scontro frontale/laterale DX fra veicoli in marcia;Incrocio;Due carreggiate;Asciutto;Asfaltata;Verticale ed orizzontale;Sereno;Normale;Buona;Ore Diurne;0;0;0;3;12.5647;41.8587;-1;1;Autovettura privata;In marcia / fermata / arresto;Passeggero;F;Illeso;0;;Non accertato;Inesploso
4204780;10;31/01/2019 14:20:00;Strada Urbana;PIAZZA S. GIOVANNI BOSCO;all'intersezione con;VIALE MARCO FULVIO NOBILIORE;VIALE MARCO FULVIO NOBILIORE;;;Scontro frontale/laterale DX fra veicoli in marcia;Incrocio;Due carreggiate;Asciutto;Asfaltata;Verticale ed orizzontale;Sereno;Normale;Buona;Ore Diurne;0;0;0;3;12.5647;41.8587;-1;2;Autovettura privata;In marcia / fermata / arresto;Conducente;M;Illeso;0;;Non accertato;Inesploso
4204819;15;31/01/2019 07:00:00;Strada Urbana;VIA PORTUENSE;da specificare;;;;Alt. Cavalcavia Autostrada Roma-Fiumicino;Veicolo in marcia contro ostacolo accidentale;Rettilineo;Una carreggiata a doppio senso;Asciutto;Asfaltata;Orizzontale;Sereno;Scarso;Sufficiente;Ore Diurne;0;0;0;1;12.414;41.8469;-1;1;Autovettura privata;In marcia / fermata / arresto;Conducente;M;Illeso;0;;Utilizzato;Inesploso
4204824;16;25/01/2019 03:00:00;Strada Urbana;VIA DI BRAVETTA;da specificare;;;;all'altezza di Via Torriani;Veicolo in marcia contro ostacolo accidentale;Rettilineo;Una carreggiata a doppio senso;Bagnato (pioggia);Asfaltata;Verticale ed orizzontale;Pioggia in atto;Normale;Sufficiente;Sufficiente;0;0;0;1;12.4257;41.8762;-1;1;Autovettura privata;In marcia / fermata / arresto;Conducente;M;Illeso;0;;Non accertato;Inesploso
4204837;15;31/01/2019 07:25:00;Strada Urbana;VIA PORTUENSE;da specificare;;;;Sottovia Autostrada Roma /Fiumicino dir. Fiumicino;Veicolo in marcia contro ostacolo accidentale;Rettilineo;Una carreggiata a doppio senso;Asciutto;Asfaltata;Orizzontale;Sereno;Normale;Buona;Ore Diurne;0;0;0;4;12.414;41.8469;-1;1;Autovettura privata;In marcia / fermata / arresto;Conducente;F;Illeso;0;;Utilizzato;Inesploso
4204837;15;31/01/2019 07:25:00;Strada Urbana;VIA PORTUENSE;da specificare;;;;Sottovia Autostrada Roma /Fiumicino dir. Fiumicino;Veicolo in marcia contro ostacolo accidentale;Rettilineo;Una carreggiata a doppio senso;Asciutto;Asfaltata;Orizzontale;Sereno;Normale;Buona;Ore Diurne;0;0;0;4;12.414;41.8469;-1;1;Autovettura privata;In marcia / fermata / arresto;Passeggero;F;Illeso;0;;Utilizzato;Inesploso
4204837;15;31/01/2019 07:25:00;Strada Urbana;VIA PORTUENSE;da specificare;;;;Sottovia Autostrada Roma /Fiumicino dir. Fiumicino;Veicolo in marcia contro ostacolo accidentale;Rettilineo;Una carreggiata a doppio senso;Asciutto;Asfaltata;Orizzontale;Sereno;Normale;Buona;Ore Diurne;0;0;0;4;12.414;41.8469;-1;1;Autovettura privata;In marcia / fermata / arresto;Passeggero;M;Illeso;0;;Utilizzato;Inesploso
4204837;15;31/01/2019 07:25:00;Strada Urbana;VIA PORTUENSE;da specificare;;;;Sottovia Autostrada Roma /Fiumicino dir. Fiumicino;Veicolo in marcia contro ostacolo accidentale;Rettilineo;Una carreggiata a doppio senso;Asciutto;Asfaltata;Orizzontale;Sereno;Normale;Buona;Ore Diurne;0;0;0;4;12.414;41.8469;-1;1;Autovettura privata;In marcia / fermata / arresto;Passeggero;F;Illeso;0;;Utilizzato;Inesploso
4204848;12;31/01/2019 12:10:00;Strada Urbana;VIA DI PORTA MEDAGLIA;in prossimità;;del civico n.;122;;Veicolo in marcia contro ostacolo accidentale;Rettilineo;Una carreggiata a doppio senso;Bagnato (umidità in atto);Con buche;Verticale;Nuvoloso;Normale;Buona;Ore Diurne;0;0;0;1;12.5223;41.7612;-1;1;Autovettura privata;In marcia / fermata / arresto;Conducente;M;Illeso;0;;Non accertato;Inesploso
4204849;12;29/01/2019 19:30:00;Strada Urbana;VIALE DELL'ARTE;all'intersezione con;VIALE REMBRANDT;VIALE REMBRANDT;;;Scontro frontale/laterale DX fra veicoli in marcia;Intersezione stradale segnalata;Due carreggiate;Asciutto;Asfaltata;Verticale ed orizzontale;Sereno;Normale;Buona;Sufficiente;1;0;0;2;12.4742;41.8294;-1;1;Autovettura privata;In marcia / fermata / arresto;Conducente;F;Illeso;0;;Utilizzato;Inesploso
4204849;12;29/01/2019 19:30:00;Strada Urbana;VIALE DELL'ARTE;all'intersezione con;VIALE REMBRANDT;VIALE REMBRANDT;;;Scontro frontale/laterale DX fra veicoli in marcia;Intersezione stradale segnalata;Due carreggiate;Asciutto;Asfaltata;Verticale ed orizzontale;Sereno;Normale;Buona;Sufficiente;1;0;0;2;12.4742;41.8294;-1;1;Autovettura privata;In marcia / fermata / arresto;Passeggero;F;Illeso;0;;Utilizzato;Inesploso
4204849;12;29/01/2019 19:30:00;Strada Urbana;VIALE DELL'ARTE;all'intersezione con;VIALE REMBRANDT;VIALE REMBRANDT;;;Scontro frontale/laterale DX fra veicoli in marcia;Intersezione stradale segnalata;Due carreggiate;Asciutto;Asfaltata;Verticale ed orizzontale;Sereno;Normale;Buona;Sufficiente;1;0;0;2;12.4742;41.8294;-1;2;Motociclo con passeggero;In marcia / fermata / arresto;Conducente;M;Rimandato;0;NON DECEDUTO;Utilizzato;
4204862;15;31/01/2019 07:01:00;Strada Urbana;VIA PORTUENSE;da specificare;;;;direz. Somaini mt.100 dopo int. Via Ponte Pisano;Veicolo in marcia contro ostacolo accidentale;Rettilineo;Una carreggiata a doppio senso;Bagnato (umidità in atto);Asfaltata;Orizzontale;Sereno;Scarso;Buona;Ore Diurne;1;0;0;0;12.414;41.8469;-1;1;Motociclo a solo;In marcia / fermata / arresto;Conducente;F;Rimandato;0;NON DECEDUTO;Utilizzato;
4204864;9;31/01/2019 12:40:00;Strada Urbana;VIA VETULONIA;da specificare;;;;fronte civico 9;Veicolo in marcia contro ostacolo accidentale;Rettilineo;Una carreggiata a senso unico di marcia;Bagnato (pioggia);Asfaltata;Verticale ed orizzontale;Nuvoloso;Scarso;Buona;Ore Diurne;0;0;0;1;12.5061;41.876;-1;1;Autovettura privata;In marcia / fermata / arresto;Conducente;M;Illeso;0;;Non accertato;Inesploso
4204954;10;31/01/2019 15:45:00;Strada Urbana;VIALE BRUNO RIZZIERI;in corrispondenza;;del civico n.;111;;Scontro laterale fra veicoli in marcia;Rettilineo;Una carreggiata a senso unico di marcia;Asciutto;Asfaltata;Verticale ed orizzontale;Nuvoloso;Normale;Buona;Ore Diurne;0;0;0;2;12.587;41.8526;-1;1;Autovettura privata;In marcia / fermata / arresto;Conducente;M;Illeso;0;;Non accertato;Inesploso
4204954;10;31/01/2019 15:45:00;Strada Urbana;VIALE BRUNO RIZZIERI;in corrispondenza;;del civico n.;111;;Scontro laterale fra veicoli in marcia;Rettilineo;Una carreggiata a senso unico di marcia;Asciutto;Asfaltata;Verticale ed orizzontale;Nuvoloso;Normale;Buona;Ore Diurne;0;0;0;2;12.587;41.8526;-1;2;Autovettura privata;In marcia / fermata / arresto;Conducente;M;Illeso;0;;Non accertato;Inesploso
4204987;17;31/01/2019 14:40:00;Strada Urbana;VIA MARCANTONIO COLONNA;all'intersezione con;VIA DEI GRACCHI;VIA DEI GRACCHI;;;Investimento di pedone;Incrocio;Una carreggiata a doppio senso;Asciutto;Asfaltata;Verticale ed orizzontale;Nuvoloso;Normale;Buona;Ore Diurne;1;0;0;1;12.4674;41.9092;-1;;;;Pedone;F;Rimandato;0;NON DECEDUTO;;
4204987;17;31/01/2019 14:40:00;Strada Urbana;VIA MARCANTONIO COLONNA;all'intersezione con;VIA DEI GRACCHI;VIA DEI GRACCHI;;;Investimento di pedone;Incrocio;Una carreggiata a doppio senso;Asciutto;Asfaltata;Verticale ed orizzontale;Nuvoloso;Normale;Buona;Ore Diurne;1;0;0;1;12.4674;41.9092;-1;1;Autovettura pubblica;In marcia / fermata / arresto;Conducente;M;Illeso;0;;;
4205060;19;31/01/2019 14:00:00;Strada Urbana;VIA DI CASAL DEL MARMO;in prossimità;;del civico n.;329;;Scontro laterale fra veicoli in marcia;Rettilineo;Una carreggiata a doppio senso;Bagnato (pioggia);Asfaltata;Orizzontale;Nuvoloso;Normale;Buona;Ore Diurne;0;0;0;2;12.3962;41.9502;-1;1;Autovettura privata;In marcia / fermata / arresto;Conducente;M;Illeso;0;;Non accertato;Inesploso
4205060;19;31/01/2019 14:00:00;Strada Urbana;VIA DI CASAL DEL MARMO;in prossimità;;del civico n.;329;;Scontro laterale fra veicoli in marcia;Rettilineo;Una carreggiata a doppio senso;Bagnato (pioggia);Asfaltata;Orizzontale;Nuvoloso;Normale;Buona;Ore Diurne;0;0;0;2;12.3962;41.9502;-1;2;Motociclo a solo;In marcia / fermata / arresto;Conducente;M;Illeso;0;;Non accertato;
4205083;1;31/01/2019 14:20:00;Strada Urbana;VIA DELLE TERME DI DIOCLEZIANO;in prossimità;;del civico n.;30;;Scontro laterale fra veicoli in marcia;Rettilineo;Una carreggiata a senso unico di marcia;Asciutto;In cubetti di porfido;Verticale;Nuvoloso;Normale;Buona;Ore Diurne;0;0;0;2;12.4974;41.9018;-1;1;Autovettura privata;In marcia / fermata / arresto;Conducente;F;Illeso;0;;Non accertato;Inesploso
4205083;1;31/01/2019 14:20:00;Strada Urbana;VIA DELLE TERME DI DIOCLEZIANO;in prossimità;;del civico n.;30;;Scontro laterale fra veicoli in marcia;Rettilineo;Una carreggiata a senso unico di marcia;Asciutto;In cubetti di porfido;Verticale;Nuvoloso;Normale;Buona;Ore Diurne;0;0;0;2;12.4974;41.9018;-1;2;Autovettura privata;In marcia / fermata / arresto;Conducente;M;Illeso;0;;Non accertato;Inesploso
4205118;1;31/01/2019 10:50:00;Strada Urbana;PIAZZA VITTORIO EMANUELE II;in corrispondenza;;del civico n.;57;;Tamponamento;Rettilineo;Più di due carreggiate;Bagnato (pioggia);Asfaltata;Verticale ed orizzontale;Nuvoloso;Normale;Buona;Ore Diurne;0;0;0;2;12.5061;41.8946;-1;1;Motociclo a solo;In marcia / fermata / arresto;Conducente;M;Illeso;0;;Non accertato;
4205118;1;31/01/2019 10:50:00;Strada Urbana;PIAZZA VITTORIO EMANUELE II;in corrispondenza;;del civico n.;57;;Tamponamento;Rettilineo;Più di due carreggiate;Bagnato (pioggia);Asfaltata;Verticale ed orizzontale;Nuvoloso;Normale;Buona;Ore Diurne;0;0;0;2;12.5061;41.8946;-1;2;Autovettura privata;In marcia / fermata / arresto;Conducente;M;Illeso;0;;Non accertato;Inesploso
4205135;9;31/01/2019 16:25:00;Strada Urbana;PIAZZA DI PONTE LUNGO;all'intersezione semaforizzata con;VIA GELA;VIA GELA;;;Scontro laterale fra veicoli in marcia;Incrocio;Una carreggiata a doppio senso;Asciutto;Asfaltata;Verticale ed orizzontale;Nuvoloso;Intenso;Buona;Ore Diurne;1;0;0;1;12.5192;41.8778;-1;1;Autovettura privata;In marcia / fermata / arresto;Conducente;F;Illeso;0;;Non accertato;Inesploso
4205135;9;31/01/2019 16:25:00;Strada Urbana;PIAZZA DI PONTE LUNGO;all'intersezione semaforizzata con;VIA GELA;VIA GELA;;;Scontro laterale fra veicoli in marcia;Incrocio;Una carreggiata a doppio senso;Asciutto;Asfaltata;Verticale ed orizzontale;Nuvoloso;Intenso;Buona;Ore Diurne;1;0;0;1;12.5192;41.8778;-1;2;Motociclo a solo;In marcia / fermata / arresto;Conducente;M;Rimandato;0;NON DECEDUTO;Non accertato;
4205136;1;30/01/2019 16:30:00;Strada Urbana;VIA LUIGI RONCINOTTO;in prossimità;;del palo luce n.;17;;Veicolo in marcia contro ostacolo accidentale;Curva a visuale libera;Più di due carreggiate;Bagnato (pioggia);In cubetti di porfido;Orizzontale;Nuvoloso;Normale;Buona;Ore Diurne;0;0;0;1;12.4917;41.8722;-1;1;Autovettura privata;In marcia / fermata / arresto;Conducente;M;Illeso;0;;Non accertato;
4205139;2;31/01/2019 15:15:00;Strada Urbana;VIALE BRUNO BUOZZI;in corrispondenza;;del civico n.;fr. 33;;Scontro frontale/laterale DX fra veicoli in marcia;Rettilineo;Una carreggiata a doppio senso;Bagnato (pioggia);Asfaltata;Orizzontale;Nuvoloso;Normale;Buona;Ore Diurne;1;0;0;2;12.4822;41.9198;-1;1;Ciclomotore;In marcia / fermata / arresto;Conducente;F;Rifiuta cure immediate;0;NON DECEDUTO;Non accertato;
4205139;2;31/01/2019 15:15:00;Strada Urbana;VIALE BRUNO BUOZZI;in corrispondenza;;del civico n.;fr. 33;;Scontro frontale/laterale DX fra veicoli in marcia;Rettilineo;Una carreggiata a doppio senso;Bagnato (pioggia);Asfaltata;Orizzontale;Nuvoloso;Normale;Buona;Ore Diurne;1;0;0;2;12.4822;41.9198;-1;2;Autovettura privata;In marcia / fermata / arresto;Conducente;M;Illeso;0;;Non accertato;Inesploso
4205139;2;31/01/2019 15:15:00;Strada Urbana;VIALE BRUNO BUOZZI;in corrispondenza;;del civico n.;fr. 33;;Scontro frontale/laterale DX fra veicoli in marcia;Rettilineo;Una carreggiata a doppio senso;Bagnato (pioggia);Asfaltata;Orizzontale;Nuvoloso;Normale;Buona;Ore Diurne;1;0;0;2;12.4822;41.9198;-1;2;Autovettura privata;In marcia / fermata / arresto;Passeggero;M;Illeso;0;;Non accertato;Inesploso
4205141;19;31/01/2019 07:00:00;Strada Urbana;VIA UGO DE CAROLIS;in corrispondenza;;del civico n.;78;;Scontro frontale/laterale SX fra veicoli in marcia;Rettilineo;Una carreggiata a doppio senso;Bagnato (umidità in atto);Asfaltata;Assente;Sereno;Normale;Buona;Ore Diurne;0;0;0;2;12.4397;41.916;-1;1;Autovettura privata;In marcia / fermata / arresto;Conducente;F;Illeso;0;;Non accertato;Inesploso
4205141;19;31/01/2019 07:00:00;Strada Urbana;VIA UGO DE CAROLIS;in corrispondenza;;del civico n.;78;;Scontro frontale/laterale SX fra veicoli in marcia;Rettilineo;Una carreggiata a doppio senso;Bagnato (umidità in atto);Asfaltata;Assente;Sereno;Normale;Buona;Ore Diurne;0;0;0;2;12.4397;41.916;-1;2;Autovettura pubblica;In marcia / fermata / arresto;Conducente;M;Illeso;0;;Non accertato;Inesploso
4205144;19;31/01/2019 09:30:00;Strada Urbana;VIA TRIONFALE;in corrispondenza;;del civico n.;10810;;Scontro laterale fra veicoli in marcia;Rettilineo;Una carreggiata a doppio senso;Bagnato (umidità in atto);Asfaltata;Orizzontale;Sereno;Intenso;Buona;Ore Diurne;1;0;0;1;12.4126;41.9562;-1;1;Autovettura privata;In marcia / fermata / arresto;Conducente;M;Illeso;0;;Non accertato;Inesploso
4205144;19;31/01/2019 09:30:00;Strada Urbana;VIA TRIONFALE;in corrispondenza;;del civico n.;10810;;Scontro laterale fra veicoli in marcia;Rettilineo;Una carreggiata a doppio senso;Bagnato (umidità in atto);Asfaltata;Orizzontale;Sereno;Intenso;Buona;Ore Diurne;1;0;0;1;12.4126;41.9562;-1;2;Motociclo a solo;In marcia / fermata / arresto;Conducente;M;Ricoverato;0;NON DECEDUTO;Non accertato;
4205149;19;31/01/2019 10:00:00;Strada Urbana;VIA TRIONFALE;in corrispondenza;;del civico n.;12384;;Tamponamento Multiplo;Rettilineo;Una carreggiata a senso unico di marcia;Asciutto;Asfaltata;Verticale ed orizzontale;Sereno;Normale;Buona;Ore Diurne;0;0;0;3;12.4092;41.969;-1;1;Autovettura privata;In marcia / fermata / arresto;Conducente;F;Illeso;0;;Non accertato;Inesploso
4205149;19;31/01/2019 10:00:00;Strada Urbana;VIA TRIONFALE;in corrispondenza;;del civico n.;12384;;Tamponamento Multiplo;Rettilineo;Una carreggiata a senso unico di marcia;Asciutto;Asfaltata;Verticale ed orizzontale;Sereno;Normale;Buona;Ore Diurne;0;0;0;3;12.4092;41.969;-1;2;Autovettura privata;In marcia / fermata / arresto;Conducente;F;Illeso;0;;Non accertato;Inesploso